-89.158879	-180.0
-89.158879	-60.0
-89.158879	60.0
-87.476636	-180.0
-87.476636	-144.0
-87.476636	-108.0
-87.476636	-72.0
-87.476636	-36.0
-87.476636	0.0
-87.476636	36.0
-87.476636	72.0
-87.476636	108.0
-87.476636	144.0
-85.794393	-180.0
-85.794393	-157.5
-85.794393	-135.0
-85.794393	-112.5
-85.794393	-90.0
-85.794393	-67.5
-85.794393	-45.0
-85.794393	-22.5
-85.794393	0.0
-85.794393	22.5
-85.794393	45.0
-85.794393	67.5
-85.794393	90.0
-85.794393	112.5
-85.794393	135.0
-85.794393	157.5
-84.11215	-180.0
-84.11215	-163.636364
-84.11215	-147.272727
-84.11215	-130.909091
-84.11215	-114.545455
-84.11215	-98.181818
-84.11215	-81.818182
-84.11215	-65.454545
-84.11215	-49.090909
-84.11215	-32.727273
-84.11215	-16.363636
-84.11215	-0.0
-84.11215	16.363636
-84.11215	32.727273
-84.11215	49.090909
-84.11215	65.454545
-84.11215	81.818182
-84.11215	98.181818
-84.11215	114.545455
-84.11215	130.909091
-84.11215	147.272727
-84.11215	163.636364
-82.429907	-180.0
-82.429907	-167.142857
-82.429907	-154.285714
-82.429907	-141.428571
-82.429907	-128.571429
-82.429907	-115.714286
-82.429907	-102.857143
-82.429907	-90.0
-82.429907	-77.142857
-82.429907	-64.285714
-82.429907	-51.428571
-82.429907	-38.571429
-82.429907	-25.714286
-82.429907	-12.857143
-82.429907	0.0
-82.429907	12.857143
-82.429907	25.714286
-82.429907	38.571429
-82.429907	51.428571
-82.429907	64.285714
-82.429907	77.142857
-82.429907	90.0
-82.429907	102.857143
-82.429907	115.714286
-82.429907	128.571429
-82.429907	141.428571
-82.429907	154.285714
-82.429907	167.142857
-80.747664	-180.0
-80.747664	-169.714286
-80.747664	-159.428571
-80.747664	-149.142857
-80.747664	-138.857143
-80.747664	-128.571429
-80.747664	-118.285714
-80.747664	-108.0
-80.747664	-97.714286
-80.747664	-87.428571
-80.747664	-77.142857
-80.747664	-66.857143
-80.747664	-56.571429
-80.747664	-46.285714
-80.747664	-36.0
-80.747664	-25.714286
-80.747664	-15.428571
-80.747664	-5.142857
-80.747664	5.142857
-80.747664	15.428571
-80.747664	25.714286
-80.747664	36.0
-80.747664	46.285714
-80.747664	56.571429
-80.747664	66.857143
-80.747664	77.142857
-80.747664	87.428571
-80.747664	97.714286
-80.747664	108.0
-80.747664	118.285714
-80.747664	128.571429
-80.747664	138.857143
-80.747664	149.142857
-80.747664	159.428571
-80.747664	169.714286
-79.065421	-180.0
-79.065421	-171.219512
-79.065421	-162.439024
-79.065421	-153.658537
-79.065421	-144.878049
-79.065421	-136.097561
-79.065421	-127.317073
-79.065421	-118.536585
-79.065421	-109.756098
-79.065421	-100.97561
-79.065421	-92.195122
-79.065421	-83.414634
-79.065421	-74.634146
-79.065421	-65.853659
-79.065421	-57.073171
-79.065421	-48.292683
-79.065421	-39.512195
-79.065421	-30.731707
-79.065421	-21.95122
-79.065421	-13.170732
-79.065421	-4.390244
-79.065421	4.390244
-79.065421	13.170732
-79.065421	21.95122
-79.065421	30.731707
-79.065421	39.512195
-79.065421	48.292683
-79.065421	57.073171
-79.065421	65.853659
-79.065421	74.634146
-79.065421	83.414634
-79.065421	92.195122
-79.065421	100.97561
-79.065421	109.756098
-79.065421	118.536585
-79.065421	127.317073
-79.065421	136.097561
-79.065421	144.878049
-79.065421	153.658537
-79.065421	162.439024
-79.065421	171.219512
-77.383178	-180.0
-77.383178	-172.340426
-77.383178	-164.680851
-77.383178	-157.021277
-77.383178	-149.361702
-77.383178	-141.702128
-77.383178	-134.042553
-77.383178	-126.382979
-77.383178	-118.723404
-77.383178	-111.06383
-77.383178	-103.404255
-77.383178	-95.744681
-77.383178	-88.085106
-77.383178	-80.425532
-77.383178	-72.765957
-77.383178	-65.106383
-77.383178	-57.446809
-77.383178	-49.787234
-77.383178	-42.12766
-77.383178	-34.468085
-77.383178	-26.808511
-77.383178	-19.148936
-77.383178	-11.489362
-77.383178	-3.829787
-77.383178	3.829787
-77.383178	11.489362
-77.383178	19.148936
-77.383178	26.808511
-77.383178	34.468085
-77.383178	42.12766
-77.383178	49.787234
-77.383178	57.446809
-77.383178	65.106383
-77.383178	72.765957
-77.383178	80.425532
-77.383178	88.085106
-77.383178	95.744681
-77.383178	103.404255
-77.383178	111.06383
-77.383178	118.723404
-77.383178	126.382979
-77.383178	134.042553
-77.383178	141.702128
-77.383178	149.361702
-77.383178	157.021277
-77.383178	164.680851
-77.383178	172.340426
-75.700935	-180.0
-75.700935	-173.207547
-75.700935	-166.415094
-75.700935	-159.622642
-75.700935	-152.830189
-75.700935	-146.037736
-75.700935	-139.245283
-75.700935	-132.45283
-75.700935	-125.660377
-75.700935	-118.867925
-75.700935	-112.075472
-75.700935	-105.283019
-75.700935	-98.490566
-75.700935	-91.698113
-75.700935	-84.90566
-75.700935	-78.113208
-75.700935	-71.320755
-75.700935	-64.528302
-75.700935	-57.735849
-75.700935	-50.943396
-75.700935	-44.150943
-75.700935	-37.358491
-75.700935	-30.566038
-75.700935	-23.773585
-75.700935	-16.981132
-75.700935	-10.188679
-75.700935	-3.396226
-75.700935	3.396226
-75.700935	10.188679
-75.700935	16.981132
-75.700935	23.773585
-75.700935	30.566038
-75.700935	37.358491
-75.700935	44.150943
-75.700935	50.943396
-75.700935	57.735849
-75.700935	64.528302
-75.700935	71.320755
-75.700935	78.113208
-75.700935	84.90566
-75.700935	91.698113
-75.700935	98.490566
-75.700935	105.283019
-75.700935	112.075472
-75.700935	118.867925
-75.700935	125.660377
-75.700935	132.45283
-75.700935	139.245283
-75.700935	146.037736
-75.700935	152.830189
-75.700935	159.622642
-75.700935	166.415094
-75.700935	173.207547
-74.018692	-180.0
-74.018692	-173.898305
-74.018692	-167.79661
-74.018692	-161.694915
-74.018692	-155.59322
-74.018692	-149.491525
-74.018692	-143.389831
-74.018692	-137.288136
-74.018692	-131.186441
-74.018692	-125.084746
-74.018692	-118.983051
-74.018692	-112.881356
-74.018692	-106.779661
-74.018692	-100.677966
-74.018692	-94.576271
-74.018692	-88.474576
-74.018692	-82.372881
-74.018692	-76.271186
-74.018692	-70.169492
-74.018692	-64.067797
-74.018692	-57.966102
-74.018692	-51.864407
-74.018692	-45.762712
-74.018692	-39.661017
-74.018692	-33.559322
-74.018692	-27.457627
-74.018692	-21.355932
-74.018692	-15.254237
-74.018692	-9.152542
-74.018692	-3.050847
-74.018692	3.050847
-74.018692	9.152542
-74.018692	15.254237
-74.018692	21.355932
-74.018692	27.457627
-74.018692	33.559322
-74.018692	39.661017
-74.018692	45.762712
-74.018692	51.864407
-74.018692	57.966102
-74.018692	64.067797
-74.018692	70.169492
-74.018692	76.271186
-74.018692	82.372881
-74.018692	88.474576
-74.018692	94.576271
-74.018692	100.677966
-74.018692	106.779661
-74.018692	112.881356
-74.018692	118.983051
-74.018692	125.084746
-74.018692	131.186441
-74.018692	137.288136
-74.018692	143.389831
-74.018692	149.491525
-74.018692	155.59322
-74.018692	161.694915
-74.018692	167.79661
-74.018692	173.898305
-72.336449	-180.0
-72.336449	-174.545455
-72.336449	-169.090909
-72.336449	-163.636364
-72.336449	-158.181818
-72.336449	-152.727273
-72.336449	-147.272727
-72.336449	-141.818182
-72.336449	-136.363636
-72.336449	-130.909091
-72.336449	-125.454545
-72.336449	-120.0
-72.336449	-114.545455
-72.336449	-109.090909
-72.336449	-103.636364
-72.336449	-98.181818
-72.336449	-92.727273
-72.336449	-87.272727
-72.336449	-81.818182
-72.336449	-76.363636
-72.336449	-70.909091
-72.336449	-65.454545
-72.336449	-60.0
-72.336449	-54.545455
-72.336449	-49.090909
-72.336449	-43.636364
-72.336449	-38.181818
-72.336449	-32.727273
-72.336449	-27.272727
-72.336449	-21.818182
-72.336449	-16.363636
-72.336449	-10.909091
-72.336449	-5.454545
-72.336449	0.0
-72.336449	5.454545
-72.336449	10.909091
-72.336449	16.363636
-72.336449	21.818182
-72.336449	27.272727
-72.336449	32.727273
-72.336449	38.181818
-72.336449	43.636364
-72.336449	49.090909
-72.336449	54.545455
-72.336449	60.0
-72.336449	65.454545
-72.336449	70.909091
-72.336449	76.363636
-72.336449	81.818182
-72.336449	87.272727
-72.336449	92.727273
-72.336449	98.181818
-72.336449	103.636364
-72.336449	109.090909
-72.336449	114.545455
-72.336449	120.0
-72.336449	125.454545
-72.336449	130.909091
-72.336449	136.363636
-72.336449	141.818182
-72.336449	147.272727
-72.336449	152.727273
-72.336449	158.181818
-72.336449	163.636364
-72.336449	169.090909
-72.336449	174.545455
-70.654206	-180.0
-70.654206	-175.0
-70.654206	-170.0
-70.654206	-165.0
-70.654206	-160.0
-70.654206	-155.0
-70.654206	-150.0
-70.654206	-145.0
-70.654206	-140.0
-70.654206	-135.0
-70.654206	-130.0
-70.654206	-125.0
-70.654206	-120.0
-70.654206	-115.0
-70.654206	-110.0
-70.654206	-105.0
-70.654206	-100.0
-70.654206	-95.0
-70.654206	-90.0
-70.654206	-85.0
-70.654206	-80.0
-70.654206	-75.0
-70.654206	-70.0
-70.654206	-65.0
-70.654206	-60.0
-70.654206	-55.0
-70.654206	-50.0
-70.654206	-45.0
-70.654206	-40.0
-70.654206	-35.0
-70.654206	-30.0
-70.654206	-25.0
-70.654206	-20.0
-70.654206	-15.0
-70.654206	-10.0
-70.654206	-5.0
-70.654206	0.0
-70.654206	5.0
-70.654206	10.0
-70.654206	15.0
-70.654206	20.0
-70.654206	25.0
-70.654206	30.0
-70.654206	35.0
-70.654206	40.0
-70.654206	45.0
-70.654206	50.0
-70.654206	55.0
-70.654206	60.0
-70.654206	65.0
-70.654206	70.0
-70.654206	75.0
-70.654206	80.0
-70.654206	85.0
-70.654206	90.0
-70.654206	95.0
-70.654206	100.0
-70.654206	105.0
-70.654206	110.0
-70.654206	115.0
-70.654206	120.0
-70.654206	125.0
-70.654206	130.0
-70.654206	135.0
-70.654206	140.0
-70.654206	145.0
-70.654206	150.0
-70.654206	155.0
-70.654206	160.0
-70.654206	165.0
-70.654206	170.0
-70.654206	175.0
-68.971963	-180.0
-68.971963	-175.324675
-68.971963	-170.649351
-68.971963	-165.974026
-68.971963	-161.298701
-68.971963	-156.623377
-68.971963	-151.948052
-68.971963	-147.272727
-68.971963	-142.597403
-68.971963	-137.922078
-68.971963	-133.246753
-68.971963	-128.571429
-68.971963	-123.896104
-68.971963	-119.220779
-68.971963	-114.545455
-68.971963	-109.87013
-68.971963	-105.194805
-68.971963	-100.519481
-68.971963	-95.844156
-68.971963	-91.168831
-68.971963	-86.493506
-68.971963	-81.818182
-68.971963	-77.142857
-68.971963	-72.467532
-68.971963	-67.792208
-68.971963	-63.116883
-68.971963	-58.441558
-68.971963	-53.766234
-68.971963	-49.090909
-68.971963	-44.415584
-68.971963	-39.74026
-68.971963	-35.064935
-68.971963	-30.38961
-68.971963	-25.714286
-68.971963	-21.038961
-68.971963	-16.363636
-68.971963	-11.688312
-68.971963	-7.012987
-68.971963	-2.337662
-68.971963	2.337662
-68.971963	7.012987
-68.971963	11.688312
-68.971963	16.363636
-68.971963	21.038961
-68.971963	25.714286
-68.971963	30.38961
-68.971963	35.064935
-68.971963	39.74026
-68.971963	44.415584
-68.971963	49.090909
-68.971963	53.766234
-68.971963	58.441558
-68.971963	63.116883
-68.971963	67.792208
-68.971963	72.467532
-68.971963	77.142857
-68.971963	81.818182
-68.971963	86.493506
-68.971963	91.168831
-68.971963	95.844156
-68.971963	100.519481
-68.971963	105.194805
-68.971963	109.87013
-68.971963	114.545455
-68.971963	119.220779
-68.971963	123.896104
-68.971963	128.571429
-68.971963	133.246753
-68.971963	137.922078
-68.971963	142.597403
-68.971963	147.272727
-68.971963	151.948052
-68.971963	156.623377
-68.971963	161.298701
-68.971963	165.974026
-68.971963	170.649351
-68.971963	175.324675
-67.28972	-180.0
-67.28972	-175.662651
-67.28972	-171.325301
-67.28972	-166.987952
-67.28972	-162.650602
-67.28972	-158.313253
-67.28972	-153.975904
-67.28972	-149.638554
-67.28972	-145.301205
-67.28972	-140.963855
-67.28972	-136.626506
-67.28972	-132.289157
-67.28972	-127.951807
-67.28972	-123.614458
-67.28972	-119.277108
-67.28972	-114.939759
-67.28972	-110.60241
-67.28972	-106.26506
-67.28972	-101.927711
-67.28972	-97.590361
-67.28972	-93.253012
-67.28972	-88.915663
-67.28972	-84.578313
-67.28972	-80.240964
-67.28972	-75.903614
-67.28972	-71.566265
-67.28972	-67.228916
-67.28972	-62.891566
-67.28972	-58.554217
-67.28972	-54.216867
-67.28972	-49.879518
-67.28972	-45.542169
-67.28972	-41.204819
-67.28972	-36.86747
-67.28972	-32.53012
-67.28972	-28.192771
-67.28972	-23.855422
-67.28972	-19.518072
-67.28972	-15.180723
-67.28972	-10.843373
-67.28972	-6.506024
-67.28972	-2.168675
-67.28972	2.168675
-67.28972	6.506024
-67.28972	10.843373
-67.28972	15.180723
-67.28972	19.518072
-67.28972	23.855422
-67.28972	28.192771
-67.28972	32.53012
-67.28972	36.86747
-67.28972	41.204819
-67.28972	45.542169
-67.28972	49.879518
-67.28972	54.216867
-67.28972	58.554217
-67.28972	62.891566
-67.28972	67.228916
-67.28972	71.566265
-67.28972	75.903614
-67.28972	80.240964
-67.28972	84.578313
-67.28972	88.915663
-67.28972	93.253012
-67.28972	97.590361
-67.28972	101.927711
-67.28972	106.26506
-67.28972	110.60241
-67.28972	114.939759
-67.28972	119.277108
-67.28972	123.614458
-67.28972	127.951807
-67.28972	132.289157
-67.28972	136.626506
-67.28972	140.963855
-67.28972	145.301205
-67.28972	149.638554
-67.28972	153.975904
-67.28972	158.313253
-67.28972	162.650602
-67.28972	166.987952
-67.28972	171.325301
-67.28972	175.662651
-65.607477	-180.0
-65.607477	-175.955056
-65.607477	-171.910112
-65.607477	-167.865169
-65.607477	-163.820225
-65.607477	-159.775281
-65.607477	-155.730337
-65.607477	-151.685393
-65.607477	-147.640449
-65.607477	-143.595506
-65.607477	-139.550562
-65.607477	-135.505618
-65.607477	-131.460674
-65.607477	-127.41573
-65.607477	-123.370787
-65.607477	-119.325843
-65.607477	-115.280899
-65.607477	-111.235955
-65.607477	-107.191011
-65.607477	-103.146067
-65.607477	-99.101124
-65.607477	-95.05618
-65.607477	-91.011236
-65.607477	-86.966292
-65.607477	-82.921348
-65.607477	-78.876404
-65.607477	-74.831461
-65.607477	-70.786517
-65.607477	-66.741573
-65.607477	-62.696629
-65.607477	-58.651685
-65.607477	-54.606742
-65.607477	-50.561798
-65.607477	-46.516854
-65.607477	-42.47191
-65.607477	-38.426966
-65.607477	-34.382022
-65.607477	-30.337079
-65.607477	-26.292135
-65.607477	-22.247191
-65.607477	-18.202247
-65.607477	-14.157303
-65.607477	-10.11236
-65.607477	-6.067416
-65.607477	-2.022472
-65.607477	2.022472
-65.607477	6.067416
-65.607477	10.11236
-65.607477	14.157303
-65.607477	18.202247
-65.607477	22.247191
-65.607477	26.292135
-65.607477	30.337079
-65.607477	34.382022
-65.607477	38.426966
-65.607477	42.47191
-65.607477	46.516854
-65.607477	50.561798
-65.607477	54.606742
-65.607477	58.651685
-65.607477	62.696629
-65.607477	66.741573
-65.607477	70.786517
-65.607477	74.831461
-65.607477	78.876404
-65.607477	82.921348
-65.607477	86.966292
-65.607477	91.011236
-65.607477	95.05618
-65.607477	99.101124
-65.607477	103.146067
-65.607477	107.191011
-65.607477	111.235955
-65.607477	115.280899
-65.607477	119.325843
-65.607477	123.370787
-65.607477	127.41573
-65.607477	131.460674
-65.607477	135.505618
-65.607477	139.550562
-65.607477	143.595506
-65.607477	147.640449
-65.607477	151.685393
-65.607477	155.730337
-65.607477	159.775281
-65.607477	163.820225
-65.607477	167.865169
-65.607477	171.910112
-65.607477	175.955056
-63.925234	-180.0
-63.925234	-176.210526
-63.925234	-172.421053
-63.925234	-168.631579
-63.925234	-164.842105
-63.925234	-161.052632
-63.925234	-157.263158
-63.925234	-153.473684
-63.925234	-149.684211
-63.925234	-145.894737
-63.925234	-142.105263
-63.925234	-138.315789
-63.925234	-134.526316
-63.925234	-130.736842
-63.925234	-126.947368
-63.925234	-123.157895
-63.925234	-119.368421
-63.925234	-115.578947
-63.925234	-111.789474
-63.925234	-108.0
-63.925234	-104.210526
-63.925234	-100.421053
-63.925234	-96.631579
-63.925234	-92.842105
-63.925234	-89.052632
-63.925234	-85.263158
-63.925234	-81.473684
-63.925234	-77.684211
-63.925234	-73.894737
-63.925234	-70.105263
-63.925234	-66.315789
-63.925234	-62.526316
-63.925234	-58.736842
-63.925234	-54.947368
-63.925234	-51.157895
-63.925234	-47.368421
-63.925234	-43.578947
-63.925234	-39.789474
-63.925234	-36.0
-63.925234	-32.210526
-63.925234	-28.421053
-63.925234	-24.631579
-63.925234	-20.842105
-63.925234	-17.052632
-63.925234	-13.263158
-63.925234	-9.473684
-63.925234	-5.684211
-63.925234	-1.894737
-63.925234	1.894737
-63.925234	5.684211
-63.925234	9.473684
-63.925234	13.263158
-63.925234	17.052632
-63.925234	20.842105
-63.925234	24.631579
-63.925234	28.421053
-63.925234	32.210526
-63.925234	36.0
-63.925234	39.789474
-63.925234	43.578947
-63.925234	47.368421
-63.925234	51.157895
-63.925234	54.947368
-63.925234	58.736842
-63.925234	62.526316
-63.925234	66.315789
-63.925234	70.105263
-63.925234	73.894737
-63.925234	77.684211
-63.925234	81.473684
-63.925234	85.263158
-63.925234	89.052632
-63.925234	92.842105
-63.925234	96.631579
-63.925234	100.421053
-63.925234	104.210526
-63.925234	108.0
-63.925234	111.789474
-63.925234	115.578947
-63.925234	119.368421
-63.925234	123.157895
-63.925234	126.947368
-63.925234	130.736842
-63.925234	134.526316
-63.925234	138.315789
-63.925234	142.105263
-63.925234	145.894737
-63.925234	149.684211
-63.925234	153.473684
-63.925234	157.263158
-63.925234	161.052632
-63.925234	164.842105
-63.925234	168.631579
-63.925234	172.421053
-63.925234	176.210526
-62.242991	-180.0
-62.242991	-176.435644
-62.242991	-172.871287
-62.242991	-169.306931
-62.242991	-165.742574
-62.242991	-162.178218
-62.242991	-158.613861
-62.242991	-155.049505
-62.242991	-151.485149
-62.242991	-147.920792
-62.242991	-144.356436
-62.242991	-140.792079
-62.242991	-137.227723
-62.242991	-133.663366
-62.242991	-130.09901
-62.242991	-126.534653
-62.242991	-122.970297
-62.242991	-119.405941
-62.242991	-115.841584
-62.242991	-112.277228
-62.242991	-108.712871
-62.242991	-105.148515
-62.242991	-101.584158
-62.242991	-98.019802
-62.242991	-94.455446
-62.242991	-90.891089
-62.242991	-87.326733
-62.242991	-83.762376
-62.242991	-80.19802
-62.242991	-76.633663
-62.242991	-73.069307
-62.242991	-69.50495
-62.242991	-65.940594
-62.242991	-62.376238
-62.242991	-58.811881
-62.242991	-55.247525
-62.242991	-51.683168
-62.242991	-48.118812
-62.242991	-44.554455
-62.242991	-40.990099
-62.242991	-37.425743
-62.242991	-33.861386
-62.242991	-30.29703
-62.242991	-26.732673
-62.242991	-23.168317
-62.242991	-19.60396
-62.242991	-16.039604
-62.242991	-12.475248
-62.242991	-8.910891
-62.242991	-5.346535
-62.242991	-1.782178
-62.242991	1.782178
-62.242991	5.346535
-62.242991	8.910891
-62.242991	12.475248
-62.242991	16.039604
-62.242991	19.60396
-62.242991	23.168317
-62.242991	26.732673
-62.242991	30.29703
-62.242991	33.861386
-62.242991	37.425743
-62.242991	40.990099
-62.242991	44.554455
-62.242991	48.118812
-62.242991	51.683168
-62.242991	55.247525
-62.242991	58.811881
-62.242991	62.376238
-62.242991	65.940594
-62.242991	69.50495
-62.242991	73.069307
-62.242991	76.633663
-62.242991	80.19802
-62.242991	83.762376
-62.242991	87.326733
-62.242991	90.891089
-62.242991	94.455446
-62.242991	98.019802
-62.242991	101.584158
-62.242991	105.148515
-62.242991	108.712871
-62.242991	112.277228
-62.242991	115.841584
-62.242991	119.405941
-62.242991	122.970297
-62.242991	126.534653
-62.242991	130.09901
-62.242991	133.663366
-62.242991	137.227723
-62.242991	140.792079
-62.242991	144.356436
-62.242991	147.920792
-62.242991	151.485149
-62.242991	155.049505
-62.242991	158.613861
-62.242991	162.178218
-62.242991	165.742574
-62.242991	169.306931
-62.242991	172.871287
-62.242991	176.435644
-60.560748	-180.0
-60.560748	-176.603774
-60.560748	-173.207547
-60.560748	-169.811321
-60.560748	-166.415094
-60.560748	-163.018868
-60.560748	-159.622642
-60.560748	-156.226415
-60.560748	-152.830189
-60.560748	-149.433962
-60.560748	-146.037736
-60.560748	-142.641509
-60.560748	-139.245283
-60.560748	-135.849057
-60.560748	-132.45283
-60.560748	-129.056604
-60.560748	-125.660377
-60.560748	-122.264151
-60.560748	-118.867925
-60.560748	-115.471698
-60.560748	-112.075472
-60.560748	-108.679245
-60.560748	-105.283019
-60.560748	-101.886792
-60.560748	-98.490566
-60.560748	-95.09434
-60.560748	-91.698113
-60.560748	-88.301887
-60.560748	-84.90566
-60.560748	-81.509434
-60.560748	-78.113208
-60.560748	-74.716981
-60.560748	-71.320755
-60.560748	-67.924528
-60.560748	-64.528302
-60.560748	-61.132075
-60.560748	-57.735849
-60.560748	-54.339623
-60.560748	-50.943396
-60.560748	-47.54717
-60.560748	-44.150943
-60.560748	-40.754717
-60.560748	-37.358491
-60.560748	-33.962264
-60.560748	-30.566038
-60.560748	-27.169811
-60.560748	-23.773585
-60.560748	-20.377358
-60.560748	-16.981132
-60.560748	-13.584906
-60.560748	-10.188679
-60.560748	-6.792453
-60.560748	-3.396226
-60.560748	0.0
-60.560748	3.396226
-60.560748	6.792453
-60.560748	10.188679
-60.560748	13.584906
-60.560748	16.981132
-60.560748	20.377358
-60.560748	23.773585
-60.560748	27.169811
-60.560748	30.566038
-60.560748	33.962264
-60.560748	37.358491
-60.560748	40.754717
-60.560748	44.150943
-60.560748	47.54717
-60.560748	50.943396
-60.560748	54.339623
-60.560748	57.735849
-60.560748	61.132075
-60.560748	64.528302
-60.560748	67.924528
-60.560748	71.320755
-60.560748	74.716981
-60.560748	78.113208
-60.560748	81.509434
-60.560748	84.90566
-60.560748	88.301887
-60.560748	91.698113
-60.560748	95.09434
-60.560748	98.490566
-60.560748	101.886792
-60.560748	105.283019
-60.560748	108.679245
-60.560748	112.075472
-60.560748	115.471698
-60.560748	118.867925
-60.560748	122.264151
-60.560748	125.660377
-60.560748	129.056604
-60.560748	132.45283
-60.560748	135.849057
-60.560748	139.245283
-60.560748	142.641509
-60.560748	146.037736
-60.560748	149.433962
-60.560748	152.830189
-60.560748	156.226415
-60.560748	159.622642
-60.560748	163.018868
-60.560748	166.415094
-60.560748	169.811321
-60.560748	173.207547
-60.560748	176.603774
-58.878505	-180.0
-58.878505	-176.785714
-58.878505	-173.571429
-58.878505	-170.357143
-58.878505	-167.142857
-58.878505	-163.928571
-58.878505	-160.714286
-58.878505	-157.5
-58.878505	-154.285714
-58.878505	-151.071429
-58.878505	-147.857143
-58.878505	-144.642857
-58.878505	-141.428571
-58.878505	-138.214286
-58.878505	-135.0
-58.878505	-131.785714
-58.878505	-128.571429
-58.878505	-125.357143
-58.878505	-122.142857
-58.878505	-118.928571
-58.878505	-115.714286
-58.878505	-112.5
-58.878505	-109.285714
-58.878505	-106.071429
-58.878505	-102.857143
-58.878505	-99.642857
-58.878505	-96.428571
-58.878505	-93.214286
-58.878505	-90.0
-58.878505	-86.785714
-58.878505	-83.571429
-58.878505	-80.357143
-58.878505	-77.142857
-58.878505	-73.928571
-58.878505	-70.714286
-58.878505	-67.5
-58.878505	-64.285714
-58.878505	-61.071429
-58.878505	-57.857143
-58.878505	-54.642857
-58.878505	-51.428571
-58.878505	-48.214286
-58.878505	-45.0
-58.878505	-41.785714
-58.878505	-38.571429
-58.878505	-35.357143
-58.878505	-32.142857
-58.878505	-28.928571
-58.878505	-25.714286
-58.878505	-22.5
-58.878505	-19.285714
-58.878505	-16.071429
-58.878505	-12.857143
-58.878505	-9.642857
-58.878505	-6.428571
-58.878505	-3.214286
-58.878505	0.0
-58.878505	3.214286
-58.878505	6.428571
-58.878505	9.642857
-58.878505	12.857143
-58.878505	16.071429
-58.878505	19.285714
-58.878505	22.5
-58.878505	25.714286
-58.878505	28.928571
-58.878505	32.142857
-58.878505	35.357143
-58.878505	38.571429
-58.878505	41.785714
-58.878505	45.0
-58.878505	48.214286
-58.878505	51.428571
-58.878505	54.642857
-58.878505	57.857143
-58.878505	61.071429
-58.878505	64.285714
-58.878505	67.5
-58.878505	70.714286
-58.878505	73.928571
-58.878505	77.142857
-58.878505	80.357143
-58.878505	83.571429
-58.878505	86.785714
-58.878505	90.0
-58.878505	93.214286
-58.878505	96.428571
-58.878505	99.642857
-58.878505	102.857143
-58.878505	106.071429
-58.878505	109.285714
-58.878505	112.5
-58.878505	115.714286
-58.878505	118.928571
-58.878505	122.142857
-58.878505	125.357143
-58.878505	128.571429
-58.878505	131.785714
-58.878505	135.0
-58.878505	138.214286
-58.878505	141.428571
-58.878505	144.642857
-58.878505	147.857143
-58.878505	151.071429
-58.878505	154.285714
-58.878505	157.5
-58.878505	160.714286
-58.878505	163.928571
-58.878505	167.142857
-58.878505	170.357143
-58.878505	173.571429
-58.878505	176.785714
-57.196262	-180.0
-57.196262	-176.923077
-57.196262	-173.846154
-57.196262	-170.769231
-57.196262	-167.692308
-57.196262	-164.615385
-57.196262	-161.538462
-57.196262	-158.461538
-57.196262	-155.384615
-57.196262	-152.307692
-57.196262	-149.230769
-57.196262	-146.153846
-57.196262	-143.076923
-57.196262	-140.0
-57.196262	-136.923077
-57.196262	-133.846154
-57.196262	-130.769231
-57.196262	-127.692308
-57.196262	-124.615385
-57.196262	-121.538462
-57.196262	-118.461538
-57.196262	-115.384615
-57.196262	-112.307692
-57.196262	-109.230769
-57.196262	-106.153846
-57.196262	-103.076923
-57.196262	-100.0
-57.196262	-96.923077
-57.196262	-93.846154
-57.196262	-90.769231
-57.196262	-87.692308
-57.196262	-84.615385
-57.196262	-81.538462
-57.196262	-78.461538
-57.196262	-75.384615
-57.196262	-72.307692
-57.196262	-69.230769
-57.196262	-66.153846
-57.196262	-63.076923
-57.196262	-60.0
-57.196262	-56.923077
-57.196262	-53.846154
-57.196262	-50.769231
-57.196262	-47.692308
-57.196262	-44.615385
-57.196262	-41.538462
-57.196262	-38.461538
-57.196262	-35.384615
-57.196262	-32.307692
-57.196262	-29.230769
-57.196262	-26.153846
-57.196262	-23.076923
-57.196262	-20.0
-57.196262	-16.923077
-57.196262	-13.846154
-57.196262	-10.769231
-57.196262	-7.692308
-57.196262	-4.615385
-57.196262	-1.538462
-57.196262	1.538462
-57.196262	4.615385
-57.196262	7.692308
-57.196262	10.769231
-57.196262	13.846154
-57.196262	16.923077
-57.196262	20.0
-57.196262	23.076923
-57.196262	26.153846
-57.196262	29.230769
-57.196262	32.307692
-57.196262	35.384615
-57.196262	38.461538
-57.196262	41.538462
-57.196262	44.615385
-57.196262	47.692308
-57.196262	50.769231
-57.196262	53.846154
-57.196262	56.923077
-57.196262	60.0
-57.196262	63.076923
-57.196262	66.153846
-57.196262	69.230769
-57.196262	72.307692
-57.196262	75.384615
-57.196262	78.461538
-57.196262	81.538462
-57.196262	84.615385
-57.196262	87.692308
-57.196262	90.769231
-57.196262	93.846154
-57.196262	96.923077
-57.196262	100.0
-57.196262	103.076923
-57.196262	106.153846
-57.196262	109.230769
-57.196262	112.307692
-57.196262	115.384615
-57.196262	118.461538
-57.196262	121.538462
-57.196262	124.615385
-57.196262	127.692308
-57.196262	130.769231
-57.196262	133.846154
-57.196262	136.923077
-57.196262	140.0
-57.196262	143.076923
-57.196262	146.153846
-57.196262	149.230769
-57.196262	152.307692
-57.196262	155.384615
-57.196262	158.461538
-57.196262	161.538462
-57.196262	164.615385
-57.196262	167.692308
-57.196262	170.769231
-57.196262	173.846154
-57.196262	176.923077
-55.514019	-180.0
-55.514019	-177.04918
-55.514019	-174.098361
-55.514019	-171.147541
-55.514019	-168.196721
-55.514019	-165.245902
-55.514019	-162.295082
-55.514019	-159.344262
-55.514019	-156.393443
-55.514019	-153.442623
-55.514019	-150.491803
-55.514019	-147.540984
-55.514019	-144.590164
-55.514019	-141.639344
-55.514019	-138.688525
-55.514019	-135.737705
-55.514019	-132.786885
-55.514019	-129.836066
-55.514019	-126.885246
-55.514019	-123.934426
-55.514019	-120.983607
-55.514019	-118.032787
-55.514019	-115.081967
-55.514019	-112.131148
-55.514019	-109.180328
-55.514019	-106.229508
-55.514019	-103.278689
-55.514019	-100.327869
-55.514019	-97.377049
-55.514019	-94.42623
-55.514019	-91.47541
-55.514019	-88.52459
-55.514019	-85.57377
-55.514019	-82.622951
-55.514019	-79.672131
-55.514019	-76.721311
-55.514019	-73.770492
-55.514019	-70.819672
-55.514019	-67.868852
-55.514019	-64.918033
-55.514019	-61.967213
-55.514019	-59.016393
-55.514019	-56.065574
-55.514019	-53.114754
-55.514019	-50.163934
-55.514019	-47.213115
-55.514019	-44.262295
-55.514019	-41.311475
-55.514019	-38.360656
-55.514019	-35.409836
-55.514019	-32.459016
-55.514019	-29.508197
-55.514019	-26.557377
-55.514019	-23.606557
-55.514019	-20.655738
-55.514019	-17.704918
-55.514019	-14.754098
-55.514019	-11.803279
-55.514019	-8.852459
-55.514019	-5.901639
-55.514019	-2.95082
-55.514019	0.0
-55.514019	2.95082
-55.514019	5.901639
-55.514019	8.852459
-55.514019	11.803279
-55.514019	14.754098
-55.514019	17.704918
-55.514019	20.655738
-55.514019	23.606557
-55.514019	26.557377
-55.514019	29.508197
-55.514019	32.459016
-55.514019	35.409836
-55.514019	38.360656
-55.514019	41.311475
-55.514019	44.262295
-55.514019	47.213115
-55.514019	50.163934
-55.514019	53.114754
-55.514019	56.065574
-55.514019	59.016393
-55.514019	61.967213
-55.514019	64.918033
-55.514019	67.868852
-55.514019	70.819672
-55.514019	73.770492
-55.514019	76.721311
-55.514019	79.672131
-55.514019	82.622951
-55.514019	85.57377
-55.514019	88.52459
-55.514019	91.47541
-55.514019	94.42623
-55.514019	97.377049
-55.514019	100.327869
-55.514019	103.278689
-55.514019	106.229508
-55.514019	109.180328
-55.514019	112.131148
-55.514019	115.081967
-55.514019	118.032787
-55.514019	120.983607
-55.514019	123.934426
-55.514019	126.885246
-55.514019	129.836066
-55.514019	132.786885
-55.514019	135.737705
-55.514019	138.688525
-55.514019	141.639344
-55.514019	144.590164
-55.514019	147.540984
-55.514019	150.491803
-55.514019	153.442623
-55.514019	156.393443
-55.514019	159.344262
-55.514019	162.295082
-55.514019	165.245902
-55.514019	168.196721
-55.514019	171.147541
-55.514019	174.098361
-55.514019	177.04918
-53.831776	-180.0
-53.831776	-177.165354
-53.831776	-174.330709
-53.831776	-171.496063
-53.831776	-168.661417
-53.831776	-165.826772
-53.831776	-162.992126
-53.831776	-160.15748
-53.831776	-157.322835
-53.831776	-154.488189
-53.831776	-151.653543
-53.831776	-148.818898
-53.831776	-145.984252
-53.831776	-143.149606
-53.831776	-140.314961
-53.831776	-137.480315
-53.831776	-134.645669
-53.831776	-131.811024
-53.831776	-128.976378
-53.831776	-126.141732
-53.831776	-123.307087
-53.831776	-120.472441
-53.831776	-117.637795
-53.831776	-114.80315
-53.831776	-111.968504
-53.831776	-109.133858
-53.831776	-106.299213
-53.831776	-103.464567
-53.831776	-100.629921
-53.831776	-97.795276
-53.831776	-94.96063
-53.831776	-92.125984
-53.831776	-89.291339
-53.831776	-86.456693
-53.831776	-83.622047
-53.831776	-80.787402
-53.831776	-77.952756
-53.831776	-75.11811
-53.831776	-72.283465
-53.831776	-69.448819
-53.831776	-66.614173
-53.831776	-63.779528
-53.831776	-60.944882
-53.831776	-58.110236
-53.831776	-55.275591
-53.831776	-52.440945
-53.831776	-49.606299
-53.831776	-46.771654
-53.831776	-43.937008
-53.831776	-41.102362
-53.831776	-38.267717
-53.831776	-35.433071
-53.831776	-32.598425
-53.831776	-29.76378
-53.831776	-26.929134
-53.831776	-24.094488
-53.831776	-21.259843
-53.831776	-18.425197
-53.831776	-15.590551
-53.831776	-12.755906
-53.831776	-9.92126
-53.831776	-7.086614
-53.831776	-4.251969
-53.831776	-1.417323
-53.831776	1.417323
-53.831776	4.251969
-53.831776	7.086614
-53.831776	9.92126
-53.831776	12.755906
-53.831776	15.590551
-53.831776	18.425197
-53.831776	21.259843
-53.831776	24.094488
-53.831776	26.929134
-53.831776	29.76378
-53.831776	32.598425
-53.831776	35.433071
-53.831776	38.267717
-53.831776	41.102362
-53.831776	43.937008
-53.831776	46.771654
-53.831776	49.606299
-53.831776	52.440945
-53.831776	55.275591
-53.831776	58.110236
-53.831776	60.944882
-53.831776	63.779528
-53.831776	66.614173
-53.831776	69.448819
-53.831776	72.283465
-53.831776	75.11811
-53.831776	77.952756
-53.831776	80.787402
-53.831776	83.622047
-53.831776	86.456693
-53.831776	89.291339
-53.831776	92.125984
-53.831776	94.96063
-53.831776	97.795276
-53.831776	100.629921
-53.831776	103.464567
-53.831776	106.299213
-53.831776	109.133858
-53.831776	111.968504
-53.831776	114.80315
-53.831776	117.637795
-53.831776	120.472441
-53.831776	123.307087
-53.831776	126.141732
-53.831776	128.976378
-53.831776	131.811024
-53.831776	134.645669
-53.831776	137.480315
-53.831776	140.314961
-53.831776	143.149606
-53.831776	145.984252
-53.831776	148.818898
-53.831776	151.653543
-53.831776	154.488189
-53.831776	157.322835
-53.831776	160.15748
-53.831776	162.992126
-53.831776	165.826772
-53.831776	168.661417
-53.831776	171.496063
-53.831776	174.330709
-53.831776	177.165354
-52.149533	-180.0
-52.149533	-177.293233
-52.149533	-174.586466
-52.149533	-171.879699
-52.149533	-169.172932
-52.149533	-166.466165
-52.149533	-163.759398
-52.149533	-161.052632
-52.149533	-158.345865
-52.149533	-155.639098
-52.149533	-152.932331
-52.149533	-150.225564
-52.149533	-147.518797
-52.149533	-144.81203
-52.149533	-142.105263
-52.149533	-139.398496
-52.149533	-136.691729
-52.149533	-133.984962
-52.149533	-131.278195
-52.149533	-128.571429
-52.149533	-125.864662
-52.149533	-123.157895
-52.149533	-120.451128
-52.149533	-117.744361
-52.149533	-115.037594
-52.149533	-112.330827
-52.149533	-109.62406
-52.149533	-106.917293
-52.149533	-104.210526
-52.149533	-101.503759
-52.149533	-98.796992
-52.149533	-96.090226
-52.149533	-93.383459
-52.149533	-90.676692
-52.149533	-87.969925
-52.149533	-85.263158
-52.149533	-82.556391
-52.149533	-79.849624
-52.149533	-77.142857
-52.149533	-74.43609
-52.149533	-71.729323
-52.149533	-69.022556
-52.149533	-66.315789
-52.149533	-63.609023
-52.149533	-60.902256
-52.149533	-58.195489
-52.149533	-55.488722
-52.149533	-52.781955
-52.149533	-50.075188
-52.149533	-47.368421
-52.149533	-44.661654
-52.149533	-41.954887
-52.149533	-39.24812
-52.149533	-36.541353
-52.149533	-33.834586
-52.149533	-31.12782
-52.149533	-28.421053
-52.149533	-25.714286
-52.149533	-23.007519
-52.149533	-20.300752
-52.149533	-17.593985
-52.149533	-14.887218
-52.149533	-12.180451
-52.149533	-9.473684
-52.149533	-6.766917
-52.149533	-4.06015
-52.149533	-1.353383
-52.149533	1.353383
-52.149533	4.06015
-52.149533	6.766917
-52.149533	9.473684
-52.149533	12.180451
-52.149533	14.887218
-52.149533	17.593985
-52.149533	20.300752
-52.149533	23.007519
-52.149533	25.714286
-52.149533	28.421053
-52.149533	31.12782
-52.149533	33.834586
-52.149533	36.541353
-52.149533	39.24812
-52.149533	41.954887
-52.149533	44.661654
-52.149533	47.368421
-52.149533	50.075188
-52.149533	52.781955
-52.149533	55.488722
-52.149533	58.195489
-52.149533	60.902256
-52.149533	63.609023
-52.149533	66.315789
-52.149533	69.022556
-52.149533	71.729323
-52.149533	74.43609
-52.149533	77.142857
-52.149533	79.849624
-52.149533	82.556391
-52.149533	85.263158
-52.149533	87.969925
-52.149533	90.676692
-52.149533	93.383459
-52.149533	96.090226
-52.149533	98.796992
-52.149533	101.503759
-52.149533	104.210526
-52.149533	106.917293
-52.149533	109.62406
-52.149533	112.330827
-52.149533	115.037594
-52.149533	117.744361
-52.149533	120.451128
-52.149533	123.157895
-52.149533	125.864662
-52.149533	128.571429
-52.149533	131.278195
-52.149533	133.984962
-52.149533	136.691729
-52.149533	139.398496
-52.149533	142.105263
-52.149533	144.81203
-52.149533	147.518797
-52.149533	150.225564
-52.149533	152.932331
-52.149533	155.639098
-52.149533	158.345865
-52.149533	161.052632
-52.149533	163.759398
-52.149533	166.466165
-52.149533	169.172932
-52.149533	171.879699
-52.149533	174.586466
-52.149533	177.293233
-50.46729	-180.0
-50.46729	-177.372263
-50.46729	-174.744526
-50.46729	-172.116788
-50.46729	-169.489051
-50.46729	-166.861314
-50.46729	-164.233577
-50.46729	-161.605839
-50.46729	-158.978102
-50.46729	-156.350365
-50.46729	-153.722628
-50.46729	-151.094891
-50.46729	-148.467153
-50.46729	-145.839416
-50.46729	-143.211679
-50.46729	-140.583942
-50.46729	-137.956204
-50.46729	-135.328467
-50.46729	-132.70073
-50.46729	-130.072993
-50.46729	-127.445255
-50.46729	-124.817518
-50.46729	-122.189781
-50.46729	-119.562044
-50.46729	-116.934307
-50.46729	-114.306569
-50.46729	-111.678832
-50.46729	-109.051095
-50.46729	-106.423358
-50.46729	-103.79562
-50.46729	-101.167883
-50.46729	-98.540146
-50.46729	-95.912409
-50.46729	-93.284672
-50.46729	-90.656934
-50.46729	-88.029197
-50.46729	-85.40146
-50.46729	-82.773723
-50.46729	-80.145985
-50.46729	-77.518248
-50.46729	-74.890511
-50.46729	-72.262774
-50.46729	-69.635036
-50.46729	-67.007299
-50.46729	-64.379562
-50.46729	-61.751825
-50.46729	-59.124088
-50.46729	-56.49635
-50.46729	-53.868613
-50.46729	-51.240876
-50.46729	-48.613139
-50.46729	-45.985401
-50.46729	-43.357664
-50.46729	-40.729927
-50.46729	-38.10219
-50.46729	-35.474453
-50.46729	-32.846715
-50.46729	-30.218978
-50.46729	-27.591241
-50.46729	-24.963504
-50.46729	-22.335766
-50.46729	-19.708029
-50.46729	-17.080292
-50.46729	-14.452555
-50.46729	-11.824818
-50.46729	-9.19708
-50.46729	-6.569343
-50.46729	-3.941606
-50.46729	-1.313869
-50.46729	1.313869
-50.46729	3.941606
-50.46729	6.569343
-50.46729	9.19708
-50.46729	11.824818
-50.46729	14.452555
-50.46729	17.080292
-50.46729	19.708029
-50.46729	22.335766
-50.46729	24.963504
-50.46729	27.591241
-50.46729	30.218978
-50.46729	32.846715
-50.46729	35.474453
-50.46729	38.10219
-50.46729	40.729927
-50.46729	43.357664
-50.46729	45.985401
-50.46729	48.613139
-50.46729	51.240876
-50.46729	53.868613
-50.46729	56.49635
-50.46729	59.124088
-50.46729	61.751825
-50.46729	64.379562
-50.46729	67.007299
-50.46729	69.635036
-50.46729	72.262774
-50.46729	74.890511
-50.46729	77.518248
-50.46729	80.145985
-50.46729	82.773723
-50.46729	85.40146
-50.46729	88.029197
-50.46729	90.656934
-50.46729	93.284672
-50.46729	95.912409
-50.46729	98.540146
-50.46729	101.167883
-50.46729	103.79562
-50.46729	106.423358
-50.46729	109.051095
-50.46729	111.678832
-50.46729	114.306569
-50.46729	116.934307
-50.46729	119.562044
-50.46729	122.189781
-50.46729	124.817518
-50.46729	127.445255
-50.46729	130.072993
-50.46729	132.70073
-50.46729	135.328467
-50.46729	137.956204
-50.46729	140.583942
-50.46729	143.211679
-50.46729	145.839416
-50.46729	148.467153
-50.46729	151.094891
-50.46729	153.722628
-50.46729	156.350365
-50.46729	158.978102
-50.46729	161.605839
-50.46729	164.233577
-50.46729	166.861314
-50.46729	169.489051
-50.46729	172.116788
-50.46729	174.744526
-50.46729	177.372263
-48.785047	-180.0
-48.785047	-177.464789
-48.785047	-174.929577
-48.785047	-172.394366
-48.785047	-169.859155
-48.785047	-167.323944
-48.785047	-164.788732
-48.785047	-162.253521
-48.785047	-159.71831
-48.785047	-157.183099
-48.785047	-154.647887
-48.785047	-152.112676
-48.785047	-149.577465
-48.785047	-147.042254
-48.785047	-144.507042
-48.785047	-141.971831
-48.785047	-139.43662
-48.785047	-136.901408
-48.785047	-134.366197
-48.785047	-131.830986
-48.785047	-129.295775
-48.785047	-126.760563
-48.785047	-124.225352
-48.785047	-121.690141
-48.785047	-119.15493
-48.785047	-116.619718
-48.785047	-114.084507
-48.785047	-111.549296
-48.785047	-109.014085
-48.785047	-106.478873
-48.785047	-103.943662
-48.785047	-101.408451
-48.785047	-98.873239
-48.785047	-96.338028
-48.785047	-93.802817
-48.785047	-91.267606
-48.785047	-88.732394
-48.785047	-86.197183
-48.785047	-83.661972
-48.785047	-81.126761
-48.785047	-78.591549
-48.785047	-76.056338
-48.785047	-73.521127
-48.785047	-70.985915
-48.785047	-68.450704
-48.785047	-65.915493
-48.785047	-63.380282
-48.785047	-60.84507
-48.785047	-58.309859
-48.785047	-55.774648
-48.785047	-53.239437
-48.785047	-50.704225
-48.785047	-48.169014
-48.785047	-45.633803
-48.785047	-43.098592
-48.785047	-40.56338
-48.785047	-38.028169
-48.785047	-35.492958
-48.785047	-32.957746
-48.785047	-30.422535
-48.785047	-27.887324
-48.785047	-25.352113
-48.785047	-22.816901
-48.785047	-20.28169
-48.785047	-17.746479
-48.785047	-15.211268
-48.785047	-12.676056
-48.785047	-10.140845
-48.785047	-7.605634
-48.785047	-5.070423
-48.785047	-2.535211
-48.785047	0.0
-48.785047	2.535211
-48.785047	5.070423
-48.785047	7.605634
-48.785047	10.140845
-48.785047	12.676056
-48.785047	15.211268
-48.785047	17.746479
-48.785047	20.28169
-48.785047	22.816901
-48.785047	25.352113
-48.785047	27.887324
-48.785047	30.422535
-48.785047	32.957746
-48.785047	35.492958
-48.785047	38.028169
-48.785047	40.56338
-48.785047	43.098592
-48.785047	45.633803
-48.785047	48.169014
-48.785047	50.704225
-48.785047	53.239437
-48.785047	55.774648
-48.785047	58.309859
-48.785047	60.84507
-48.785047	63.380282
-48.785047	65.915493
-48.785047	68.450704
-48.785047	70.985915
-48.785047	73.521127
-48.785047	76.056338
-48.785047	78.591549
-48.785047	81.126761
-48.785047	83.661972
-48.785047	86.197183
-48.785047	88.732394
-48.785047	91.267606
-48.785047	93.802817
-48.785047	96.338028
-48.785047	98.873239
-48.785047	101.408451
-48.785047	103.943662
-48.785047	106.478873
-48.785047	109.014085
-48.785047	111.549296
-48.785047	114.084507
-48.785047	116.619718
-48.785047	119.15493
-48.785047	121.690141
-48.785047	124.225352
-48.785047	126.760563
-48.785047	129.295775
-48.785047	131.830986
-48.785047	134.366197
-48.785047	136.901408
-48.785047	139.43662
-48.785047	141.971831
-48.785047	144.507042
-48.785047	147.042254
-48.785047	149.577465
-48.785047	152.112676
-48.785047	154.647887
-48.785047	157.183099
-48.785047	159.71831
-48.785047	162.253521
-48.785047	164.788732
-48.785047	167.323944
-48.785047	169.859155
-48.785047	172.394366
-48.785047	174.929577
-48.785047	177.464789
-47.102804	-180.0
-47.102804	-177.55102
-47.102804	-175.102041
-47.102804	-172.653061
-47.102804	-170.204082
-47.102804	-167.755102
-47.102804	-165.306122
-47.102804	-162.857143
-47.102804	-160.408163
-47.102804	-157.959184
-47.102804	-155.510204
-47.102804	-153.061224
-47.102804	-150.612245
-47.102804	-148.163265
-47.102804	-145.714286
-47.102804	-143.265306
-47.102804	-140.816327
-47.102804	-138.367347
-47.102804	-135.918367
-47.102804	-133.469388
-47.102804	-131.020408
-47.102804	-128.571429
-47.102804	-126.122449
-47.102804	-123.673469
-47.102804	-121.22449
-47.102804	-118.77551
-47.102804	-116.326531
-47.102804	-113.877551
-47.102804	-111.428571
-47.102804	-108.979592
-47.102804	-106.530612
-47.102804	-104.081633
-47.102804	-101.632653
-47.102804	-99.183673
-47.102804	-96.734694
-47.102804	-94.285714
-47.102804	-91.836735
-47.102804	-89.387755
-47.102804	-86.938776
-47.102804	-84.489796
-47.102804	-82.040816
-47.102804	-79.591837
-47.102804	-77.142857
-47.102804	-74.693878
-47.102804	-72.244898
-47.102804	-69.795918
-47.102804	-67.346939
-47.102804	-64.897959
-47.102804	-62.44898
-47.102804	-60.0
-47.102804	-57.55102
-47.102804	-55.102041
-47.102804	-52.653061
-47.102804	-50.204082
-47.102804	-47.755102
-47.102804	-45.306122
-47.102804	-42.857143
-47.102804	-40.408163
-47.102804	-37.959184
-47.102804	-35.510204
-47.102804	-33.061224
-47.102804	-30.612245
-47.102804	-28.163265
-47.102804	-25.714286
-47.102804	-23.265306
-47.102804	-20.816327
-47.102804	-18.367347
-47.102804	-15.918367
-47.102804	-13.469388
-47.102804	-11.020408
-47.102804	-8.571429
-47.102804	-6.122449
-47.102804	-3.673469
-47.102804	-1.22449
-47.102804	1.22449
-47.102804	3.673469
-47.102804	6.122449
-47.102804	8.571429
-47.102804	11.020408
-47.102804	13.469388
-47.102804	15.918367
-47.102804	18.367347
-47.102804	20.816327
-47.102804	23.265306
-47.102804	25.714286
-47.102804	28.163265
-47.102804	30.612245
-47.102804	33.061224
-47.102804	35.510204
-47.102804	37.959184
-47.102804	40.408163
-47.102804	42.857143
-47.102804	45.306122
-47.102804	47.755102
-47.102804	50.204082
-47.102804	52.653061
-47.102804	55.102041
-47.102804	57.55102
-47.102804	60.0
-47.102804	62.44898
-47.102804	64.897959
-47.102804	67.346939
-47.102804	69.795918
-47.102804	72.244898
-47.102804	74.693878
-47.102804	77.142857
-47.102804	79.591837
-47.102804	82.040816
-47.102804	84.489796
-47.102804	86.938776
-47.102804	89.387755
-47.102804	91.836735
-47.102804	94.285714
-47.102804	96.734694
-47.102804	99.183673
-47.102804	101.632653
-47.102804	104.081633
-47.102804	106.530612
-47.102804	108.979592
-47.102804	111.428571
-47.102804	113.877551
-47.102804	116.326531
-47.102804	118.77551
-47.102804	121.22449
-47.102804	123.673469
-47.102804	126.122449
-47.102804	128.571429
-47.102804	131.020408
-47.102804	133.469388
-47.102804	135.918367
-47.102804	138.367347
-47.102804	140.816327
-47.102804	143.265306
-47.102804	145.714286
-47.102804	148.163265
-47.102804	150.612245
-47.102804	153.061224
-47.102804	155.510204
-47.102804	157.959184
-47.102804	160.408163
-47.102804	162.857143
-47.102804	165.306122
-47.102804	167.755102
-47.102804	170.204082
-47.102804	172.653061
-47.102804	175.102041
-47.102804	177.55102
-45.420561	-180.0
-45.420561	-177.631579
-45.420561	-175.263158
-45.420561	-172.894737
-45.420561	-170.526316
-45.420561	-168.157895
-45.420561	-165.789474
-45.420561	-163.421053
-45.420561	-161.052632
-45.420561	-158.684211
-45.420561	-156.315789
-45.420561	-153.947368
-45.420561	-151.578947
-45.420561	-149.210526
-45.420561	-146.842105
-45.420561	-144.473684
-45.420561	-142.105263
-45.420561	-139.736842
-45.420561	-137.368421
-45.420561	-135.0
-45.420561	-132.631579
-45.420561	-130.263158
-45.420561	-127.894737
-45.420561	-125.526316
-45.420561	-123.157895
-45.420561	-120.789474
-45.420561	-118.421053
-45.420561	-116.052632
-45.420561	-113.684211
-45.420561	-111.315789
-45.420561	-108.947368
-45.420561	-106.578947
-45.420561	-104.210526
-45.420561	-101.842105
-45.420561	-99.473684
-45.420561	-97.105263
-45.420561	-94.736842
-45.420561	-92.368421
-45.420561	-90.0
-45.420561	-87.631579
-45.420561	-85.263158
-45.420561	-82.894737
-45.420561	-80.526316
-45.420561	-78.157895
-45.420561	-75.789474
-45.420561	-73.421053
-45.420561	-71.052632
-45.420561	-68.684211
-45.420561	-66.315789
-45.420561	-63.947368
-45.420561	-61.578947
-45.420561	-59.210526
-45.420561	-56.842105
-45.420561	-54.473684
-45.420561	-52.105263
-45.420561	-49.736842
-45.420561	-47.368421
-45.420561	-45.0
-45.420561	-42.631579
-45.420561	-40.263158
-45.420561	-37.894737
-45.420561	-35.526316
-45.420561	-33.157895
-45.420561	-30.789474
-45.420561	-28.421053
-45.420561	-26.052632
-45.420561	-23.684211
-45.420561	-21.315789
-45.420561	-18.947368
-45.420561	-16.578947
-45.420561	-14.210526
-45.420561	-11.842105
-45.420561	-9.473684
-45.420561	-7.105263
-45.420561	-4.736842
-45.420561	-2.368421
-45.420561	0.0
-45.420561	2.368421
-45.420561	4.736842
-45.420561	7.105263
-45.420561	9.473684
-45.420561	11.842105
-45.420561	14.210526
-45.420561	16.578947
-45.420561	18.947368
-45.420561	21.315789
-45.420561	23.684211
-45.420561	26.052632
-45.420561	28.421053
-45.420561	30.789474
-45.420561	33.157895
-45.420561	35.526316
-45.420561	37.894737
-45.420561	40.263158
-45.420561	42.631579
-45.420561	45.0
-45.420561	47.368421
-45.420561	49.736842
-45.420561	52.105263
-45.420561	54.473684
-45.420561	56.842105
-45.420561	59.210526
-45.420561	61.578947
-45.420561	63.947368
-45.420561	66.315789
-45.420561	68.684211
-45.420561	71.052632
-45.420561	73.421053
-45.420561	75.789474
-45.420561	78.157895
-45.420561	80.526316
-45.420561	82.894737
-45.420561	85.263158
-45.420561	87.631579
-45.420561	90.0
-45.420561	92.368421
-45.420561	94.736842
-45.420561	97.105263
-45.420561	99.473684
-45.420561	101.842105
-45.420561	104.210526
-45.420561	106.578947
-45.420561	108.947368
-45.420561	111.315789
-45.420561	113.684211
-45.420561	116.052632
-45.420561	118.421053
-45.420561	120.789474
-45.420561	123.157895
-45.420561	125.526316
-45.420561	127.894737
-45.420561	130.263158
-45.420561	132.631579
-45.420561	135.0
-45.420561	137.368421
-45.420561	139.736842
-45.420561	142.105263
-45.420561	144.473684
-45.420561	146.842105
-45.420561	149.210526
-45.420561	151.578947
-45.420561	153.947368
-45.420561	156.315789
-45.420561	158.684211
-45.420561	161.052632
-45.420561	163.421053
-45.420561	165.789474
-45.420561	168.157895
-45.420561	170.526316
-45.420561	172.894737
-45.420561	175.263158
-45.420561	177.631579
-43.738318	-180.0
-43.738318	-177.692308
-43.738318	-175.384615
-43.738318	-173.076923
-43.738318	-170.769231
-43.738318	-168.461538
-43.738318	-166.153846
-43.738318	-163.846154
-43.738318	-161.538462
-43.738318	-159.230769
-43.738318	-156.923077
-43.738318	-154.615385
-43.738318	-152.307692
-43.738318	-150.0
-43.738318	-147.692308
-43.738318	-145.384615
-43.738318	-143.076923
-43.738318	-140.769231
-43.738318	-138.461538
-43.738318	-136.153846
-43.738318	-133.846154
-43.738318	-131.538462
-43.738318	-129.230769
-43.738318	-126.923077
-43.738318	-124.615385
-43.738318	-122.307692
-43.738318	-120.0
-43.738318	-117.692308
-43.738318	-115.384615
-43.738318	-113.076923
-43.738318	-110.769231
-43.738318	-108.461538
-43.738318	-106.153846
-43.738318	-103.846154
-43.738318	-101.538462
-43.738318	-99.230769
-43.738318	-96.923077
-43.738318	-94.615385
-43.738318	-92.307692
-43.738318	-90.0
-43.738318	-87.692308
-43.738318	-85.384615
-43.738318	-83.076923
-43.738318	-80.769231
-43.738318	-78.461538
-43.738318	-76.153846
-43.738318	-73.846154
-43.738318	-71.538462
-43.738318	-69.230769
-43.738318	-66.923077
-43.738318	-64.615385
-43.738318	-62.307692
-43.738318	-60.0
-43.738318	-57.692308
-43.738318	-55.384615
-43.738318	-53.076923
-43.738318	-50.769231
-43.738318	-48.461538
-43.738318	-46.153846
-43.738318	-43.846154
-43.738318	-41.538462
-43.738318	-39.230769
-43.738318	-36.923077
-43.738318	-34.615385
-43.738318	-32.307692
-43.738318	-30.0
-43.738318	-27.692308
-43.738318	-25.384615
-43.738318	-23.076923
-43.738318	-20.769231
-43.738318	-18.461538
-43.738318	-16.153846
-43.738318	-13.846154
-43.738318	-11.538462
-43.738318	-9.230769
-43.738318	-6.923077
-43.738318	-4.615385
-43.738318	-2.307692
-43.738318	0.0
-43.738318	2.307692
-43.738318	4.615385
-43.738318	6.923077
-43.738318	9.230769
-43.738318	11.538462
-43.738318	13.846154
-43.738318	16.153846
-43.738318	18.461538
-43.738318	20.769231
-43.738318	23.076923
-43.738318	25.384615
-43.738318	27.692308
-43.738318	30.0
-43.738318	32.307692
-43.738318	34.615385
-43.738318	36.923077
-43.738318	39.230769
-43.738318	41.538462
-43.738318	43.846154
-43.738318	46.153846
-43.738318	48.461538
-43.738318	50.769231
-43.738318	53.076923
-43.738318	55.384615
-43.738318	57.692308
-43.738318	60.0
-43.738318	62.307692
-43.738318	64.615385
-43.738318	66.923077
-43.738318	69.230769
-43.738318	71.538462
-43.738318	73.846154
-43.738318	76.153846
-43.738318	78.461538
-43.738318	80.769231
-43.738318	83.076923
-43.738318	85.384615
-43.738318	87.692308
-43.738318	90.0
-43.738318	92.307692
-43.738318	94.615385
-43.738318	96.923077
-43.738318	99.230769
-43.738318	101.538462
-43.738318	103.846154
-43.738318	106.153846
-43.738318	108.461538
-43.738318	110.769231
-43.738318	113.076923
-43.738318	115.384615
-43.738318	117.692308
-43.738318	120.0
-43.738318	122.307692
-43.738318	124.615385
-43.738318	126.923077
-43.738318	129.230769
-43.738318	131.538462
-43.738318	133.846154
-43.738318	136.153846
-43.738318	138.461538
-43.738318	140.769231
-43.738318	143.076923
-43.738318	145.384615
-43.738318	147.692308
-43.738318	150.0
-43.738318	152.307692
-43.738318	154.615385
-43.738318	156.923077
-43.738318	159.230769
-43.738318	161.538462
-43.738318	163.846154
-43.738318	166.153846
-43.738318	168.461538
-43.738318	170.769231
-43.738318	173.076923
-43.738318	175.384615
-43.738318	177.692308
-42.056075	-180.0
-42.056075	-177.75
-42.056075	-175.5
-42.056075	-173.25
-42.056075	-171.0
-42.056075	-168.75
-42.056075	-166.5
-42.056075	-164.25
-42.056075	-162.0
-42.056075	-159.75
-42.056075	-157.5
-42.056075	-155.25
-42.056075	-153.0
-42.056075	-150.75
-42.056075	-148.5
-42.056075	-146.25
-42.056075	-144.0
-42.056075	-141.75
-42.056075	-139.5
-42.056075	-137.25
-42.056075	-135.0
-42.056075	-132.75
-42.056075	-130.5
-42.056075	-128.25
-42.056075	-126.0
-42.056075	-123.75
-42.056075	-121.5
-42.056075	-119.25
-42.056075	-117.0
-42.056075	-114.75
-42.056075	-112.5
-42.056075	-110.25
-42.056075	-108.0
-42.056075	-105.75
-42.056075	-103.5
-42.056075	-101.25
-42.056075	-99.0
-42.056075	-96.75
-42.056075	-94.5
-42.056075	-92.25
-42.056075	-90.0
-42.056075	-87.75
-42.056075	-85.5
-42.056075	-83.25
-42.056075	-81.0
-42.056075	-78.75
-42.056075	-76.5
-42.056075	-74.25
-42.056075	-72.0
-42.056075	-69.75
-42.056075	-67.5
-42.056075	-65.25
-42.056075	-63.0
-42.056075	-60.75
-42.056075	-58.5
-42.056075	-56.25
-42.056075	-54.0
-42.056075	-51.75
-42.056075	-49.5
-42.056075	-47.25
-42.056075	-45.0
-42.056075	-42.75
-42.056075	-40.5
-42.056075	-38.25
-42.056075	-36.0
-42.056075	-33.75
-42.056075	-31.5
-42.056075	-29.25
-42.056075	-27.0
-42.056075	-24.75
-42.056075	-22.5
-42.056075	-20.25
-42.056075	-18.0
-42.056075	-15.75
-42.056075	-13.5
-42.056075	-11.25
-42.056075	-9.0
-42.056075	-6.75
-42.056075	-4.5
-42.056075	-2.25
-42.056075	0.0
-42.056075	2.25
-42.056075	4.5
-42.056075	6.75
-42.056075	9.0
-42.056075	11.25
-42.056075	13.5
-42.056075	15.75
-42.056075	18.0
-42.056075	20.25
-42.056075	22.5
-42.056075	24.75
-42.056075	27.0
-42.056075	29.25
-42.056075	31.5
-42.056075	33.75
-42.056075	36.0
-42.056075	38.25
-42.056075	40.5
-42.056075	42.75
-42.056075	45.0
-42.056075	47.25
-42.056075	49.5
-42.056075	51.75
-42.056075	54.0
-42.056075	56.25
-42.056075	58.5
-42.056075	60.75
-42.056075	63.0
-42.056075	65.25
-42.056075	67.5
-42.056075	69.75
-42.056075	72.0
-42.056075	74.25
-42.056075	76.5
-42.056075	78.75
-42.056075	81.0
-42.056075	83.25
-42.056075	85.5
-42.056075	87.75
-42.056075	90.0
-42.056075	92.25
-42.056075	94.5
-42.056075	96.75
-42.056075	99.0
-42.056075	101.25
-42.056075	103.5
-42.056075	105.75
-42.056075	108.0
-42.056075	110.25
-42.056075	112.5
-42.056075	114.75
-42.056075	117.0
-42.056075	119.25
-42.056075	121.5
-42.056075	123.75
-42.056075	126.0
-42.056075	128.25
-42.056075	130.5
-42.056075	132.75
-42.056075	135.0
-42.056075	137.25
-42.056075	139.5
-42.056075	141.75
-42.056075	144.0
-42.056075	146.25
-42.056075	148.5
-42.056075	150.75
-42.056075	153.0
-42.056075	155.25
-42.056075	157.5
-42.056075	159.75
-42.056075	162.0
-42.056075	164.25
-42.056075	166.5
-42.056075	168.75
-42.056075	171.0
-42.056075	173.25
-42.056075	175.5
-42.056075	177.75
-40.373832	-180.0
-40.373832	-177.818182
-40.373832	-175.636364
-40.373832	-173.454545
-40.373832	-171.272727
-40.373832	-169.090909
-40.373832	-166.909091
-40.373832	-164.727273
-40.373832	-162.545455
-40.373832	-160.363636
-40.373832	-158.181818
-40.373832	-156.0
-40.373832	-153.818182
-40.373832	-151.636364
-40.373832	-149.454545
-40.373832	-147.272727
-40.373832	-145.090909
-40.373832	-142.909091
-40.373832	-140.727273
-40.373832	-138.545455
-40.373832	-136.363636
-40.373832	-134.181818
-40.373832	-132.0
-40.373832	-129.818182
-40.373832	-127.636364
-40.373832	-125.454545
-40.373832	-123.272727
-40.373832	-121.090909
-40.373832	-118.909091
-40.373832	-116.727273
-40.373832	-114.545455
-40.373832	-112.363636
-40.373832	-110.181818
-40.373832	-108.0
-40.373832	-105.818182
-40.373832	-103.636364
-40.373832	-101.454545
-40.373832	-99.272727
-40.373832	-97.090909
-40.373832	-94.909091
-40.373832	-92.727273
-40.373832	-90.545455
-40.373832	-88.363636
-40.373832	-86.181818
-40.373832	-84.0
-40.373832	-81.818182
-40.373832	-79.636364
-40.373832	-77.454545
-40.373832	-75.272727
-40.373832	-73.090909
-40.373832	-70.909091
-40.373832	-68.727273
-40.373832	-66.545455
-40.373832	-64.363636
-40.373832	-62.181818
-40.373832	-60.0
-40.373832	-57.818182
-40.373832	-55.636364
-40.373832	-53.454545
-40.373832	-51.272727
-40.373832	-49.090909
-40.373832	-46.909091
-40.373832	-44.727273
-40.373832	-42.545455
-40.373832	-40.363636
-40.373832	-38.181818
-40.373832	-36.0
-40.373832	-33.818182
-40.373832	-31.636364
-40.373832	-29.454545
-40.373832	-27.272727
-40.373832	-25.090909
-40.373832	-22.909091
-40.373832	-20.727273
-40.373832	-18.545455
-40.373832	-16.363636
-40.373832	-14.181818
-40.373832	-12.0
-40.373832	-9.818182
-40.373832	-7.636364
-40.373832	-5.454545
-40.373832	-3.272727
-40.373832	-1.090909
-40.373832	1.090909
-40.373832	3.272727
-40.373832	5.454545
-40.373832	7.636364
-40.373832	9.818182
-40.373832	12.0
-40.373832	14.181818
-40.373832	16.363636
-40.373832	18.545455
-40.373832	20.727273
-40.373832	22.909091
-40.373832	25.090909
-40.373832	27.272727
-40.373832	29.454545
-40.373832	31.636364
-40.373832	33.818182
-40.373832	36.0
-40.373832	38.181818
-40.373832	40.363636
-40.373832	42.545455
-40.373832	44.727273
-40.373832	46.909091
-40.373832	49.090909
-40.373832	51.272727
-40.373832	53.454545
-40.373832	55.636364
-40.373832	57.818182
-40.373832	60.0
-40.373832	62.181818
-40.373832	64.363636
-40.373832	66.545455
-40.373832	68.727273
-40.373832	70.909091
-40.373832	73.090909
-40.373832	75.272727
-40.373832	77.454545
-40.373832	79.636364
-40.373832	81.818182
-40.373832	84.0
-40.373832	86.181818
-40.373832	88.363636
-40.373832	90.545455
-40.373832	92.727273
-40.373832	94.909091
-40.373832	97.090909
-40.373832	99.272727
-40.373832	101.454545
-40.373832	103.636364
-40.373832	105.818182
-40.373832	108.0
-40.373832	110.181818
-40.373832	112.363636
-40.373832	114.545455
-40.373832	116.727273
-40.373832	118.909091
-40.373832	121.090909
-40.373832	123.272727
-40.373832	125.454545
-40.373832	127.636364
-40.373832	129.818182
-40.373832	132.0
-40.373832	134.181818
-40.373832	136.363636
-40.373832	138.545455
-40.373832	140.727273
-40.373832	142.909091
-40.373832	145.090909
-40.373832	147.272727
-40.373832	149.454545
-40.373832	151.636364
-40.373832	153.818182
-40.373832	156.0
-40.373832	158.181818
-40.373832	160.363636
-40.373832	162.545455
-40.373832	164.727273
-40.373832	166.909091
-40.373832	169.090909
-40.373832	171.272727
-40.373832	173.454545
-40.373832	175.636364
-40.373832	177.818182
-38.691589	-180.0
-38.691589	-177.869822
-38.691589	-175.739645
-38.691589	-173.609467
-38.691589	-171.47929
-38.691589	-169.349112
-38.691589	-167.218935
-38.691589	-165.088757
-38.691589	-162.95858
-38.691589	-160.828402
-38.691589	-158.698225
-38.691589	-156.568047
-38.691589	-154.43787
-38.691589	-152.307692
-38.691589	-150.177515
-38.691589	-148.047337
-38.691589	-145.91716
-38.691589	-143.786982
-38.691589	-141.656805
-38.691589	-139.526627
-38.691589	-137.39645
-38.691589	-135.266272
-38.691589	-133.136095
-38.691589	-131.005917
-38.691589	-128.87574
-38.691589	-126.745562
-38.691589	-124.615385
-38.691589	-122.485207
-38.691589	-120.35503
-38.691589	-118.224852
-38.691589	-116.094675
-38.691589	-113.964497
-38.691589	-111.83432
-38.691589	-109.704142
-38.691589	-107.573964
-38.691589	-105.443787
-38.691589	-103.313609
-38.691589	-101.183432
-38.691589	-99.053254
-38.691589	-96.923077
-38.691589	-94.792899
-38.691589	-92.662722
-38.691589	-90.532544
-38.691589	-88.402367
-38.691589	-86.272189
-38.691589	-84.142012
-38.691589	-82.011834
-38.691589	-79.881657
-38.691589	-77.751479
-38.691589	-75.621302
-38.691589	-73.491124
-38.691589	-71.360947
-38.691589	-69.230769
-38.691589	-67.100592
-38.691589	-64.970414
-38.691589	-62.840237
-38.691589	-60.710059
-38.691589	-58.579882
-38.691589	-56.449704
-38.691589	-54.319527
-38.691589	-52.189349
-38.691589	-50.059172
-38.691589	-47.928994
-38.691589	-45.798817
-38.691589	-43.668639
-38.691589	-41.538462
-38.691589	-39.408284
-38.691589	-37.278107
-38.691589	-35.147929
-38.691589	-33.017751
-38.691589	-30.887574
-38.691589	-28.757396
-38.691589	-26.627219
-38.691589	-24.497041
-38.691589	-22.366864
-38.691589	-20.236686
-38.691589	-18.106509
-38.691589	-15.976331
-38.691589	-13.846154
-38.691589	-11.715976
-38.691589	-9.585799
-38.691589	-7.455621
-38.691589	-5.325444
-38.691589	-3.195266
-38.691589	-1.065089
-38.691589	1.065089
-38.691589	3.195266
-38.691589	5.325444
-38.691589	7.455621
-38.691589	9.585799
-38.691589	11.715976
-38.691589	13.846154
-38.691589	15.976331
-38.691589	18.106509
-38.691589	20.236686
-38.691589	22.366864
-38.691589	24.497041
-38.691589	26.627219
-38.691589	28.757396
-38.691589	30.887574
-38.691589	33.017751
-38.691589	35.147929
-38.691589	37.278107
-38.691589	39.408284
-38.691589	41.538462
-38.691589	43.668639
-38.691589	45.798817
-38.691589	47.928994
-38.691589	50.059172
-38.691589	52.189349
-38.691589	54.319527
-38.691589	56.449704
-38.691589	58.579882
-38.691589	60.710059
-38.691589	62.840237
-38.691589	64.970414
-38.691589	67.100592
-38.691589	69.230769
-38.691589	71.360947
-38.691589	73.491124
-38.691589	75.621302
-38.691589	77.751479
-38.691589	79.881657
-38.691589	82.011834
-38.691589	84.142012
-38.691589	86.272189
-38.691589	88.402367
-38.691589	90.532544
-38.691589	92.662722
-38.691589	94.792899
-38.691589	96.923077
-38.691589	99.053254
-38.691589	101.183432
-38.691589	103.313609
-38.691589	105.443787
-38.691589	107.573964
-38.691589	109.704142
-38.691589	111.83432
-38.691589	113.964497
-38.691589	116.094675
-38.691589	118.224852
-38.691589	120.35503
-38.691589	122.485207
-38.691589	124.615385
-38.691589	126.745562
-38.691589	128.87574
-38.691589	131.005917
-38.691589	133.136095
-38.691589	135.266272
-38.691589	137.39645
-38.691589	139.526627
-38.691589	141.656805
-38.691589	143.786982
-38.691589	145.91716
-38.691589	148.047337
-38.691589	150.177515
-38.691589	152.307692
-38.691589	154.43787
-38.691589	156.568047
-38.691589	158.698225
-38.691589	160.828402
-38.691589	162.95858
-38.691589	165.088757
-38.691589	167.218935
-38.691589	169.349112
-38.691589	171.47929
-38.691589	173.609467
-38.691589	175.739645
-38.691589	177.869822
-37.009346	-180.0
-37.009346	-177.906977
-37.009346	-175.813953
-37.009346	-173.72093
-37.009346	-171.627907
-37.009346	-169.534884
-37.009346	-167.44186
-37.009346	-165.348837
-37.009346	-163.255814
-37.009346	-161.162791
-37.009346	-159.069767
-37.009346	-156.976744
-37.009346	-154.883721
-37.009346	-152.790698
-37.009346	-150.697674
-37.009346	-148.604651
-37.009346	-146.511628
-37.009346	-144.418605
-37.009346	-142.325581
-37.009346	-140.232558
-37.009346	-138.139535
-37.009346	-136.046512
-37.009346	-133.953488
-37.009346	-131.860465
-37.009346	-129.767442
-37.009346	-127.674419
-37.009346	-125.581395
-37.009346	-123.488372
-37.009346	-121.395349
-37.009346	-119.302326
-37.009346	-117.209302
-37.009346	-115.116279
-37.009346	-113.023256
-37.009346	-110.930233
-37.009346	-108.837209
-37.009346	-106.744186
-37.009346	-104.651163
-37.009346	-102.55814
-37.009346	-100.465116
-37.009346	-98.372093
-37.009346	-96.27907
-37.009346	-94.186047
-37.009346	-92.093023
-37.009346	-90.0
-37.009346	-87.906977
-37.009346	-85.813953
-37.009346	-83.72093
-37.009346	-81.627907
-37.009346	-79.534884
-37.009346	-77.44186
-37.009346	-75.348837
-37.009346	-73.255814
-37.009346	-71.162791
-37.009346	-69.069767
-37.009346	-66.976744
-37.009346	-64.883721
-37.009346	-62.790698
-37.009346	-60.697674
-37.009346	-58.604651
-37.009346	-56.511628
-37.009346	-54.418605
-37.009346	-52.325581
-37.009346	-50.232558
-37.009346	-48.139535
-37.009346	-46.046512
-37.009346	-43.953488
-37.009346	-41.860465
-37.009346	-39.767442
-37.009346	-37.674419
-37.009346	-35.581395
-37.009346	-33.488372
-37.009346	-31.395349
-37.009346	-29.302326
-37.009346	-27.209302
-37.009346	-25.116279
-37.009346	-23.023256
-37.009346	-20.930233
-37.009346	-18.837209
-37.009346	-16.744186
-37.009346	-14.651163
-37.009346	-12.55814
-37.009346	-10.465116
-37.009346	-8.372093
-37.009346	-6.27907
-37.009346	-4.186047
-37.009346	-2.093023
-37.009346	0.0
-37.009346	2.093023
-37.009346	4.186047
-37.009346	6.27907
-37.009346	8.372093
-37.009346	10.465116
-37.009346	12.55814
-37.009346	14.651163
-37.009346	16.744186
-37.009346	18.837209
-37.009346	20.930233
-37.009346	23.023256
-37.009346	25.116279
-37.009346	27.209302
-37.009346	29.302326
-37.009346	31.395349
-37.009346	33.488372
-37.009346	35.581395
-37.009346	37.674419
-37.009346	39.767442
-37.009346	41.860465
-37.009346	43.953488
-37.009346	46.046512
-37.009346	48.139535
-37.009346	50.232558
-37.009346	52.325581
-37.009346	54.418605
-37.009346	56.511628
-37.009346	58.604651
-37.009346	60.697674
-37.009346	62.790698
-37.009346	64.883721
-37.009346	66.976744
-37.009346	69.069767
-37.009346	71.162791
-37.009346	73.255814
-37.009346	75.348837
-37.009346	77.44186
-37.009346	79.534884
-37.009346	81.627907
-37.009346	83.72093
-37.009346	85.813953
-37.009346	87.906977
-37.009346	90.0
-37.009346	92.093023
-37.009346	94.186047
-37.009346	96.27907
-37.009346	98.372093
-37.009346	100.465116
-37.009346	102.55814
-37.009346	104.651163
-37.009346	106.744186
-37.009346	108.837209
-37.009346	110.930233
-37.009346	113.023256
-37.009346	115.116279
-37.009346	117.209302
-37.009346	119.302326
-37.009346	121.395349
-37.009346	123.488372
-37.009346	125.581395
-37.009346	127.674419
-37.009346	129.767442
-37.009346	131.860465
-37.009346	133.953488
-37.009346	136.046512
-37.009346	138.139535
-37.009346	140.232558
-37.009346	142.325581
-37.009346	144.418605
-37.009346	146.511628
-37.009346	148.604651
-37.009346	150.697674
-37.009346	152.790698
-37.009346	154.883721
-37.009346	156.976744
-37.009346	159.069767
-37.009346	161.162791
-37.009346	163.255814
-37.009346	165.348837
-37.009346	167.44186
-37.009346	169.534884
-37.009346	171.627907
-37.009346	173.72093
-37.009346	175.813953
-37.009346	177.906977
-35.327103	-180.0
-35.327103	-177.954545
-35.327103	-175.909091
-35.327103	-173.863636
-35.327103	-171.818182
-35.327103	-169.772727
-35.327103	-167.727273
-35.327103	-165.681818
-35.327103	-163.636364
-35.327103	-161.590909
-35.327103	-159.545455
-35.327103	-157.5
-35.327103	-155.454545
-35.327103	-153.409091
-35.327103	-151.363636
-35.327103	-149.318182
-35.327103	-147.272727
-35.327103	-145.227273
-35.327103	-143.181818
-35.327103	-141.136364
-35.327103	-139.090909
-35.327103	-137.045455
-35.327103	-135.0
-35.327103	-132.954545
-35.327103	-130.909091
-35.327103	-128.863636
-35.327103	-126.818182
-35.327103	-124.772727
-35.327103	-122.727273
-35.327103	-120.681818
-35.327103	-118.636364
-35.327103	-116.590909
-35.327103	-114.545455
-35.327103	-112.5
-35.327103	-110.454545
-35.327103	-108.409091
-35.327103	-106.363636
-35.327103	-104.318182
-35.327103	-102.272727
-35.327103	-100.227273
-35.327103	-98.181818
-35.327103	-96.136364
-35.327103	-94.090909
-35.327103	-92.045455
-35.327103	-90.0
-35.327103	-87.954545
-35.327103	-85.909091
-35.327103	-83.863636
-35.327103	-81.818182
-35.327103	-79.772727
-35.327103	-77.727273
-35.327103	-75.681818
-35.327103	-73.636364
-35.327103	-71.590909
-35.327103	-69.545455
-35.327103	-67.5
-35.327103	-65.454545
-35.327103	-63.409091
-35.327103	-61.363636
-35.327103	-59.318182
-35.327103	-57.272727
-35.327103	-55.227273
-35.327103	-53.181818
-35.327103	-51.136364
-35.327103	-49.090909
-35.327103	-47.045455
-35.327103	-45.0
-35.327103	-42.954545
-35.327103	-40.909091
-35.327103	-38.863636
-35.327103	-36.818182
-35.327103	-34.772727
-35.327103	-32.727273
-35.327103	-30.681818
-35.327103	-28.636364
-35.327103	-26.590909
-35.327103	-24.545455
-35.327103	-22.5
-35.327103	-20.454545
-35.327103	-18.409091
-35.327103	-16.363636
-35.327103	-14.318182
-35.327103	-12.272727
-35.327103	-10.227273
-35.327103	-8.181818
-35.327103	-6.136364
-35.327103	-4.090909
-35.327103	-2.045455
-35.327103	-0.0
-35.327103	2.045455
-35.327103	4.090909
-35.327103	6.136364
-35.327103	8.181818
-35.327103	10.227273
-35.327103	12.272727
-35.327103	14.318182
-35.327103	16.363636
-35.327103	18.409091
-35.327103	20.454545
-35.327103	22.5
-35.327103	24.545455
-35.327103	26.590909
-35.327103	28.636364
-35.327103	30.681818
-35.327103	32.727273
-35.327103	34.772727
-35.327103	36.818182
-35.327103	38.863636
-35.327103	40.909091
-35.327103	42.954545
-35.327103	45.0
-35.327103	47.045455
-35.327103	49.090909
-35.327103	51.136364
-35.327103	53.181818
-35.327103	55.227273
-35.327103	57.272727
-35.327103	59.318182
-35.327103	61.363636
-35.327103	63.409091
-35.327103	65.454545
-35.327103	67.5
-35.327103	69.545455
-35.327103	71.590909
-35.327103	73.636364
-35.327103	75.681818
-35.327103	77.727273
-35.327103	79.772727
-35.327103	81.818182
-35.327103	83.863636
-35.327103	85.909091
-35.327103	87.954545
-35.327103	90.0
-35.327103	92.045455
-35.327103	94.090909
-35.327103	96.136364
-35.327103	98.181818
-35.327103	100.227273
-35.327103	102.272727
-35.327103	104.318182
-35.327103	106.363636
-35.327103	108.409091
-35.327103	110.454545
-35.327103	112.5
-35.327103	114.545455
-35.327103	116.590909
-35.327103	118.636364
-35.327103	120.681818
-35.327103	122.727273
-35.327103	124.772727
-35.327103	126.818182
-35.327103	128.863636
-35.327103	130.909091
-35.327103	132.954545
-35.327103	135.0
-35.327103	137.045455
-35.327103	139.090909
-35.327103	141.136364
-35.327103	143.181818
-35.327103	145.227273
-35.327103	147.272727
-35.327103	149.318182
-35.327103	151.363636
-35.327103	153.409091
-35.327103	155.454545
-35.327103	157.5
-35.327103	159.545455
-35.327103	161.590909
-35.327103	163.636364
-35.327103	165.681818
-35.327103	167.727273
-35.327103	169.772727
-35.327103	171.818182
-35.327103	173.863636
-35.327103	175.909091
-35.327103	177.954545
-33.64486	-180.0
-33.64486	-178.0
-33.64486	-176.0
-33.64486	-174.0
-33.64486	-172.0
-33.64486	-170.0
-33.64486	-168.0
-33.64486	-166.0
-33.64486	-164.0
-33.64486	-162.0
-33.64486	-160.0
-33.64486	-158.0
-33.64486	-156.0
-33.64486	-154.0
-33.64486	-152.0
-33.64486	-150.0
-33.64486	-148.0
-33.64486	-146.0
-33.64486	-144.0
-33.64486	-142.0
-33.64486	-140.0
-33.64486	-138.0
-33.64486	-136.0
-33.64486	-134.0
-33.64486	-132.0
-33.64486	-130.0
-33.64486	-128.0
-33.64486	-126.0
-33.64486	-124.0
-33.64486	-122.0
-33.64486	-120.0
-33.64486	-118.0
-33.64486	-116.0
-33.64486	-114.0
-33.64486	-112.0
-33.64486	-110.0
-33.64486	-108.0
-33.64486	-106.0
-33.64486	-104.0
-33.64486	-102.0
-33.64486	-100.0
-33.64486	-98.0
-33.64486	-96.0
-33.64486	-94.0
-33.64486	-92.0
-33.64486	-90.0
-33.64486	-88.0
-33.64486	-86.0
-33.64486	-84.0
-33.64486	-82.0
-33.64486	-80.0
-33.64486	-78.0
-33.64486	-76.0
-33.64486	-74.0
-33.64486	-72.0
-33.64486	-70.0
-33.64486	-68.0
-33.64486	-66.0
-33.64486	-64.0
-33.64486	-62.0
-33.64486	-60.0
-33.64486	-58.0
-33.64486	-56.0
-33.64486	-54.0
-33.64486	-52.0
-33.64486	-50.0
-33.64486	-48.0
-33.64486	-46.0
-33.64486	-44.0
-33.64486	-42.0
-33.64486	-40.0
-33.64486	-38.0
-33.64486	-36.0
-33.64486	-34.0
-33.64486	-32.0
-33.64486	-30.0
-33.64486	-28.0
-33.64486	-26.0
-33.64486	-24.0
-33.64486	-22.0
-33.64486	-20.0
-33.64486	-18.0
-33.64486	-16.0
-33.64486	-14.0
-33.64486	-12.0
-33.64486	-10.0
-33.64486	-8.0
-33.64486	-6.0
-33.64486	-4.0
-33.64486	-2.0
-33.64486	0.0
-33.64486	2.0
-33.64486	4.0
-33.64486	6.0
-33.64486	8.0
-33.64486	10.0
-33.64486	12.0
-33.64486	14.0
-33.64486	16.0
-33.64486	18.0
-33.64486	20.0
-33.64486	22.0
-33.64486	24.0
-33.64486	26.0
-33.64486	28.0
-33.64486	30.0
-33.64486	32.0
-33.64486	34.0
-33.64486	36.0
-33.64486	38.0
-33.64486	40.0
-33.64486	42.0
-33.64486	44.0
-33.64486	46.0
-33.64486	48.0
-33.64486	50.0
-33.64486	52.0
-33.64486	54.0
-33.64486	56.0
-33.64486	58.0
-33.64486	60.0
-33.64486	62.0
-33.64486	64.0
-33.64486	66.0
-33.64486	68.0
-33.64486	70.0
-33.64486	72.0
-33.64486	74.0
-33.64486	76.0
-33.64486	78.0
-33.64486	80.0
-33.64486	82.0
-33.64486	84.0
-33.64486	86.0
-33.64486	88.0
-33.64486	90.0
-33.64486	92.0
-33.64486	94.0
-33.64486	96.0
-33.64486	98.0
-33.64486	100.0
-33.64486	102.0
-33.64486	104.0
-33.64486	106.0
-33.64486	108.0
-33.64486	110.0
-33.64486	112.0
-33.64486	114.0
-33.64486	116.0
-33.64486	118.0
-33.64486	120.0
-33.64486	122.0
-33.64486	124.0
-33.64486	126.0
-33.64486	128.0
-33.64486	130.0
-33.64486	132.0
-33.64486	134.0
-33.64486	136.0
-33.64486	138.0
-33.64486	140.0
-33.64486	142.0
-33.64486	144.0
-33.64486	146.0
-33.64486	148.0
-33.64486	150.0
-33.64486	152.0
-33.64486	154.0
-33.64486	156.0
-33.64486	158.0
-33.64486	160.0
-33.64486	162.0
-33.64486	164.0
-33.64486	166.0
-33.64486	168.0
-33.64486	170.0
-33.64486	172.0
-33.64486	174.0
-33.64486	176.0
-33.64486	178.0
-31.962617	-180.0
-31.962617	-178.032787
-31.962617	-176.065574
-31.962617	-174.098361
-31.962617	-172.131148
-31.962617	-170.163934
-31.962617	-168.196721
-31.962617	-166.229508
-31.962617	-164.262295
-31.962617	-162.295082
-31.962617	-160.327869
-31.962617	-158.360656
-31.962617	-156.393443
-31.962617	-154.42623
-31.962617	-152.459016
-31.962617	-150.491803
-31.962617	-148.52459
-31.962617	-146.557377
-31.962617	-144.590164
-31.962617	-142.622951
-31.962617	-140.655738
-31.962617	-138.688525
-31.962617	-136.721311
-31.962617	-134.754098
-31.962617	-132.786885
-31.962617	-130.819672
-31.962617	-128.852459
-31.962617	-126.885246
-31.962617	-124.918033
-31.962617	-122.95082
-31.962617	-120.983607
-31.962617	-119.016393
-31.962617	-117.04918
-31.962617	-115.081967
-31.962617	-113.114754
-31.962617	-111.147541
-31.962617	-109.180328
-31.962617	-107.213115
-31.962617	-105.245902
-31.962617	-103.278689
-31.962617	-101.311475
-31.962617	-99.344262
-31.962617	-97.377049
-31.962617	-95.409836
-31.962617	-93.442623
-31.962617	-91.47541
-31.962617	-89.508197
-31.962617	-87.540984
-31.962617	-85.57377
-31.962617	-83.606557
-31.962617	-81.639344
-31.962617	-79.672131
-31.962617	-77.704918
-31.962617	-75.737705
-31.962617	-73.770492
-31.962617	-71.803279
-31.962617	-69.836066
-31.962617	-67.868852
-31.962617	-65.901639
-31.962617	-63.934426
-31.962617	-61.967213
-31.962617	-60.0
-31.962617	-58.032787
-31.962617	-56.065574
-31.962617	-54.098361
-31.962617	-52.131148
-31.962617	-50.163934
-31.962617	-48.196721
-31.962617	-46.229508
-31.962617	-44.262295
-31.962617	-42.295082
-31.962617	-40.327869
-31.962617	-38.360656
-31.962617	-36.393443
-31.962617	-34.42623
-31.962617	-32.459016
-31.962617	-30.491803
-31.962617	-28.52459
-31.962617	-26.557377
-31.962617	-24.590164
-31.962617	-22.622951
-31.962617	-20.655738
-31.962617	-18.688525
-31.962617	-16.721311
-31.962617	-14.754098
-31.962617	-12.786885
-31.962617	-10.819672
-31.962617	-8.852459
-31.962617	-6.885246
-31.962617	-4.918033
-31.962617	-2.95082
-31.962617	-0.983607
-31.962617	0.983607
-31.962617	2.95082
-31.962617	4.918033
-31.962617	6.885246
-31.962617	8.852459
-31.962617	10.819672
-31.962617	12.786885
-31.962617	14.754098
-31.962617	16.721311
-31.962617	18.688525
-31.962617	20.655738
-31.962617	22.622951
-31.962617	24.590164
-31.962617	26.557377
-31.962617	28.52459
-31.962617	30.491803
-31.962617	32.459016
-31.962617	34.42623
-31.962617	36.393443
-31.962617	38.360656
-31.962617	40.327869
-31.962617	42.295082
-31.962617	44.262295
-31.962617	46.229508
-31.962617	48.196721
-31.962617	50.163934
-31.962617	52.131148
-31.962617	54.098361
-31.962617	56.065574
-31.962617	58.032787
-31.962617	60.0
-31.962617	61.967213
-31.962617	63.934426
-31.962617	65.901639
-31.962617	67.868852
-31.962617	69.836066
-31.962617	71.803279
-31.962617	73.770492
-31.962617	75.737705
-31.962617	77.704918
-31.962617	79.672131
-31.962617	81.639344
-31.962617	83.606557
-31.962617	85.57377
-31.962617	87.540984
-31.962617	89.508197
-31.962617	91.47541
-31.962617	93.442623
-31.962617	95.409836
-31.962617	97.377049
-31.962617	99.344262
-31.962617	101.311475
-31.962617	103.278689
-31.962617	105.245902
-31.962617	107.213115
-31.962617	109.180328
-31.962617	111.147541
-31.962617	113.114754
-31.962617	115.081967
-31.962617	117.04918
-31.962617	119.016393
-31.962617	120.983607
-31.962617	122.95082
-31.962617	124.918033
-31.962617	126.885246
-31.962617	128.852459
-31.962617	130.819672
-31.962617	132.786885
-31.962617	134.754098
-31.962617	136.721311
-31.962617	138.688525
-31.962617	140.655738
-31.962617	142.622951
-31.962617	144.590164
-31.962617	146.557377
-31.962617	148.52459
-31.962617	150.491803
-31.962617	152.459016
-31.962617	154.42623
-31.962617	156.393443
-31.962617	158.360656
-31.962617	160.327869
-31.962617	162.295082
-31.962617	164.262295
-31.962617	166.229508
-31.962617	168.196721
-31.962617	170.163934
-31.962617	172.131148
-31.962617	174.098361
-31.962617	176.065574
-31.962617	178.032787
-30.280374	-180.0
-30.280374	-178.064516
-30.280374	-176.129032
-30.280374	-174.193548
-30.280374	-172.258065
-30.280374	-170.322581
-30.280374	-168.387097
-30.280374	-166.451613
-30.280374	-164.516129
-30.280374	-162.580645
-30.280374	-160.645161
-30.280374	-158.709677
-30.280374	-156.774194
-30.280374	-154.83871
-30.280374	-152.903226
-30.280374	-150.967742
-30.280374	-149.032258
-30.280374	-147.096774
-30.280374	-145.16129
-30.280374	-143.225806
-30.280374	-141.290323
-30.280374	-139.354839
-30.280374	-137.419355
-30.280374	-135.483871
-30.280374	-133.548387
-30.280374	-131.612903
-30.280374	-129.677419
-30.280374	-127.741935
-30.280374	-125.806452
-30.280374	-123.870968
-30.280374	-121.935484
-30.280374	-120.0
-30.280374	-118.064516
-30.280374	-116.129032
-30.280374	-114.193548
-30.280374	-112.258065
-30.280374	-110.322581
-30.280374	-108.387097
-30.280374	-106.451613
-30.280374	-104.516129
-30.280374	-102.580645
-30.280374	-100.645161
-30.280374	-98.709677
-30.280374	-96.774194
-30.280374	-94.83871
-30.280374	-92.903226
-30.280374	-90.967742
-30.280374	-89.032258
-30.280374	-87.096774
-30.280374	-85.16129
-30.280374	-83.225806
-30.280374	-81.290323
-30.280374	-79.354839
-30.280374	-77.419355
-30.280374	-75.483871
-30.280374	-73.548387
-30.280374	-71.612903
-30.280374	-69.677419
-30.280374	-67.741935
-30.280374	-65.806452
-30.280374	-63.870968
-30.280374	-61.935484
-30.280374	-60.0
-30.280374	-58.064516
-30.280374	-56.129032
-30.280374	-54.193548
-30.280374	-52.258065
-30.280374	-50.322581
-30.280374	-48.387097
-30.280374	-46.451613
-30.280374	-44.516129
-30.280374	-42.580645
-30.280374	-40.645161
-30.280374	-38.709677
-30.280374	-36.774194
-30.280374	-34.83871
-30.280374	-32.903226
-30.280374	-30.967742
-30.280374	-29.032258
-30.280374	-27.096774
-30.280374	-25.16129
-30.280374	-23.225806
-30.280374	-21.290323
-30.280374	-19.354839
-30.280374	-17.419355
-30.280374	-15.483871
-30.280374	-13.548387
-30.280374	-11.612903
-30.280374	-9.677419
-30.280374	-7.741935
-30.280374	-5.806452
-30.280374	-3.870968
-30.280374	-1.935484
-30.280374	-0.0
-30.280374	1.935484
-30.280374	3.870968
-30.280374	5.806452
-30.280374	7.741935
-30.280374	9.677419
-30.280374	11.612903
-30.280374	13.548387
-30.280374	15.483871
-30.280374	17.419355
-30.280374	19.354839
-30.280374	21.290323
-30.280374	23.225806
-30.280374	25.16129
-30.280374	27.096774
-30.280374	29.032258
-30.280374	30.967742
-30.280374	32.903226
-30.280374	34.83871
-30.280374	36.774194
-30.280374	38.709677
-30.280374	40.645161
-30.280374	42.580645
-30.280374	44.516129
-30.280374	46.451613
-30.280374	48.387097
-30.280374	50.322581
-30.280374	52.258065
-30.280374	54.193548
-30.280374	56.129032
-30.280374	58.064516
-30.280374	60.0
-30.280374	61.935484
-30.280374	63.870968
-30.280374	65.806452
-30.280374	67.741935
-30.280374	69.677419
-30.280374	71.612903
-30.280374	73.548387
-30.280374	75.483871
-30.280374	77.419355
-30.280374	79.354839
-30.280374	81.290323
-30.280374	83.225806
-30.280374	85.16129
-30.280374	87.096774
-30.280374	89.032258
-30.280374	90.967742
-30.280374	92.903226
-30.280374	94.83871
-30.280374	96.774194
-30.280374	98.709677
-30.280374	100.645161
-30.280374	102.580645
-30.280374	104.516129
-30.280374	106.451613
-30.280374	108.387097
-30.280374	110.322581
-30.280374	112.258065
-30.280374	114.193548
-30.280374	116.129032
-30.280374	118.064516
-30.280374	120.0
-30.280374	121.935484
-30.280374	123.870968
-30.280374	125.806452
-30.280374	127.741935
-30.280374	129.677419
-30.280374	131.612903
-30.280374	133.548387
-30.280374	135.483871
-30.280374	137.419355
-30.280374	139.354839
-30.280374	141.290323
-30.280374	143.225806
-30.280374	145.16129
-30.280374	147.096774
-30.280374	149.032258
-30.280374	150.967742
-30.280374	152.903226
-30.280374	154.83871
-30.280374	156.774194
-30.280374	158.709677
-30.280374	160.645161
-30.280374	162.580645
-30.280374	164.516129
-30.280374	166.451613
-30.280374	168.387097
-30.280374	170.322581
-30.280374	172.258065
-30.280374	174.193548
-30.280374	176.129032
-30.280374	178.064516
-28.598131	-180.0
-28.598131	-178.105263
-28.598131	-176.210526
-28.598131	-174.315789
-28.598131	-172.421053
-28.598131	-170.526316
-28.598131	-168.631579
-28.598131	-166.736842
-28.598131	-164.842105
-28.598131	-162.947368
-28.598131	-161.052632
-28.598131	-159.157895
-28.598131	-157.263158
-28.598131	-155.368421
-28.598131	-153.473684
-28.598131	-151.578947
-28.598131	-149.684211
-28.598131	-147.789474
-28.598131	-145.894737
-28.598131	-144.0
-28.598131	-142.105263
-28.598131	-140.210526
-28.598131	-138.315789
-28.598131	-136.421053
-28.598131	-134.526316
-28.598131	-132.631579
-28.598131	-130.736842
-28.598131	-128.842105
-28.598131	-126.947368
-28.598131	-125.052632
-28.598131	-123.157895
-28.598131	-121.263158
-28.598131	-119.368421
-28.598131	-117.473684
-28.598131	-115.578947
-28.598131	-113.684211
-28.598131	-111.789474
-28.598131	-109.894737
-28.598131	-108.0
-28.598131	-106.105263
-28.598131	-104.210526
-28.598131	-102.315789
-28.598131	-100.421053
-28.598131	-98.526316
-28.598131	-96.631579
-28.598131	-94.736842
-28.598131	-92.842105
-28.598131	-90.947368
-28.598131	-89.052632
-28.598131	-87.157895
-28.598131	-85.263158
-28.598131	-83.368421
-28.598131	-81.473684
-28.598131	-79.578947
-28.598131	-77.684211
-28.598131	-75.789474
-28.598131	-73.894737
-28.598131	-72.0
-28.598131	-70.105263
-28.598131	-68.210526
-28.598131	-66.315789
-28.598131	-64.421053
-28.598131	-62.526316
-28.598131	-60.631579
-28.598131	-58.736842
-28.598131	-56.842105
-28.598131	-54.947368
-28.598131	-53.052632
-28.598131	-51.157895
-28.598131	-49.263158
-28.598131	-47.368421
-28.598131	-45.473684
-28.598131	-43.578947
-28.598131	-41.684211
-28.598131	-39.789474
-28.598131	-37.894737
-28.598131	-36.0
-28.598131	-34.105263
-28.598131	-32.210526
-28.598131	-30.315789
-28.598131	-28.421053
-28.598131	-26.526316
-28.598131	-24.631579
-28.598131	-22.736842
-28.598131	-20.842105
-28.598131	-18.947368
-28.598131	-17.052632
-28.598131	-15.157895
-28.598131	-13.263158
-28.598131	-11.368421
-28.598131	-9.473684
-28.598131	-7.578947
-28.598131	-5.684211
-28.598131	-3.789474
-28.598131	-1.894737
-28.598131	0.0
-28.598131	1.894737
-28.598131	3.789474
-28.598131	5.684211
-28.598131	7.578947
-28.598131	9.473684
-28.598131	11.368421
-28.598131	13.263158
-28.598131	15.157895
-28.598131	17.052632
-28.598131	18.947368
-28.598131	20.842105
-28.598131	22.736842
-28.598131	24.631579
-28.598131	26.526316
-28.598131	28.421053
-28.598131	30.315789
-28.598131	32.210526
-28.598131	34.105263
-28.598131	36.0
-28.598131	37.894737
-28.598131	39.789474
-28.598131	41.684211
-28.598131	43.578947
-28.598131	45.473684
-28.598131	47.368421
-28.598131	49.263158
-28.598131	51.157895
-28.598131	53.052632
-28.598131	54.947368
-28.598131	56.842105
-28.598131	58.736842
-28.598131	60.631579
-28.598131	62.526316
-28.598131	64.421053
-28.598131	66.315789
-28.598131	68.210526
-28.598131	70.105263
-28.598131	72.0
-28.598131	73.894737
-28.598131	75.789474
-28.598131	77.684211
-28.598131	79.578947
-28.598131	81.473684
-28.598131	83.368421
-28.598131	85.263158
-28.598131	87.157895
-28.598131	89.052632
-28.598131	90.947368
-28.598131	92.842105
-28.598131	94.736842
-28.598131	96.631579
-28.598131	98.526316
-28.598131	100.421053
-28.598131	102.315789
-28.598131	104.210526
-28.598131	106.105263
-28.598131	108.0
-28.598131	109.894737
-28.598131	111.789474
-28.598131	113.684211
-28.598131	115.578947
-28.598131	117.473684
-28.598131	119.368421
-28.598131	121.263158
-28.598131	123.157895
-28.598131	125.052632
-28.598131	126.947368
-28.598131	128.842105
-28.598131	130.736842
-28.598131	132.631579
-28.598131	134.526316
-28.598131	136.421053
-28.598131	138.315789
-28.598131	140.210526
-28.598131	142.105263
-28.598131	144.0
-28.598131	145.894737
-28.598131	147.789474
-28.598131	149.684211
-28.598131	151.578947
-28.598131	153.473684
-28.598131	155.368421
-28.598131	157.263158
-28.598131	159.157895
-28.598131	161.052632
-28.598131	162.947368
-28.598131	164.842105
-28.598131	166.736842
-28.598131	168.631579
-28.598131	170.526316
-28.598131	172.421053
-28.598131	174.315789
-28.598131	176.210526
-28.598131	178.105263
-26.915888	-180.0
-26.915888	-178.134715
-26.915888	-176.26943
-26.915888	-174.404145
-26.915888	-172.53886
-26.915888	-170.673575
-26.915888	-168.80829
-26.915888	-166.943005
-26.915888	-165.07772
-26.915888	-163.212435
-26.915888	-161.34715
-26.915888	-159.481865
-26.915888	-157.61658
-26.915888	-155.751295
-26.915888	-153.88601
-26.915888	-152.020725
-26.915888	-150.15544
-26.915888	-148.290155
-26.915888	-146.42487
-26.915888	-144.559585
-26.915888	-142.694301
-26.915888	-140.829016
-26.915888	-138.963731
-26.915888	-137.098446
-26.915888	-135.233161
-26.915888	-133.367876
-26.915888	-131.502591
-26.915888	-129.637306
-26.915888	-127.772021
-26.915888	-125.906736
-26.915888	-124.041451
-26.915888	-122.176166
-26.915888	-120.310881
-26.915888	-118.445596
-26.915888	-116.580311
-26.915888	-114.715026
-26.915888	-112.849741
-26.915888	-110.984456
-26.915888	-109.119171
-26.915888	-107.253886
-26.915888	-105.388601
-26.915888	-103.523316
-26.915888	-101.658031
-26.915888	-99.792746
-26.915888	-97.927461
-26.915888	-96.062176
-26.915888	-94.196891
-26.915888	-92.331606
-26.915888	-90.466321
-26.915888	-88.601036
-26.915888	-86.735751
-26.915888	-84.870466
-26.915888	-83.005181
-26.915888	-81.139896
-26.915888	-79.274611
-26.915888	-77.409326
-26.915888	-75.544041
-26.915888	-73.678756
-26.915888	-71.813472
-26.915888	-69.948187
-26.915888	-68.082902
-26.915888	-66.217617
-26.915888	-64.352332
-26.915888	-62.487047
-26.915888	-60.621762
-26.915888	-58.756477
-26.915888	-56.891192
-26.915888	-55.025907
-26.915888	-53.160622
-26.915888	-51.295337
-26.915888	-49.430052
-26.915888	-47.564767
-26.915888	-45.699482
-26.915888	-43.834197
-26.915888	-41.968912
-26.915888	-40.103627
-26.915888	-38.238342
-26.915888	-36.373057
-26.915888	-34.507772
-26.915888	-32.642487
-26.915888	-30.777202
-26.915888	-28.911917
-26.915888	-27.046632
-26.915888	-25.181347
-26.915888	-23.316062
-26.915888	-21.450777
-26.915888	-19.585492
-26.915888	-17.720207
-26.915888	-15.854922
-26.915888	-13.989637
-26.915888	-12.124352
-26.915888	-10.259067
-26.915888	-8.393782
-26.915888	-6.528497
-26.915888	-4.663212
-26.915888	-2.797927
-26.915888	-0.932642
-26.915888	0.932642
-26.915888	2.797927
-26.915888	4.663212
-26.915888	6.528497
-26.915888	8.393782
-26.915888	10.259067
-26.915888	12.124352
-26.915888	13.989637
-26.915888	15.854922
-26.915888	17.720207
-26.915888	19.585492
-26.915888	21.450777
-26.915888	23.316062
-26.915888	25.181347
-26.915888	27.046632
-26.915888	28.911917
-26.915888	30.777202
-26.915888	32.642487
-26.915888	34.507772
-26.915888	36.373057
-26.915888	38.238342
-26.915888	40.103627
-26.915888	41.968912
-26.915888	43.834197
-26.915888	45.699482
-26.915888	47.564767
-26.915888	49.430052
-26.915888	51.295337
-26.915888	53.160622
-26.915888	55.025907
-26.915888	56.891192
-26.915888	58.756477
-26.915888	60.621762
-26.915888	62.487047
-26.915888	64.352332
-26.915888	66.217617
-26.915888	68.082902
-26.915888	69.948187
-26.915888	71.813472
-26.915888	73.678756
-26.915888	75.544041
-26.915888	77.409326
-26.915888	79.274611
-26.915888	81.139896
-26.915888	83.005181
-26.915888	84.870466
-26.915888	86.735751
-26.915888	88.601036
-26.915888	90.466321
-26.915888	92.331606
-26.915888	94.196891
-26.915888	96.062176
-26.915888	97.927461
-26.915888	99.792746
-26.915888	101.658031
-26.915888	103.523316
-26.915888	105.388601
-26.915888	107.253886
-26.915888	109.119171
-26.915888	110.984456
-26.915888	112.849741
-26.915888	114.715026
-26.915888	116.580311
-26.915888	118.445596
-26.915888	120.310881
-26.915888	122.176166
-26.915888	124.041451
-26.915888	125.906736
-26.915888	127.772021
-26.915888	129.637306
-26.915888	131.502591
-26.915888	133.367876
-26.915888	135.233161
-26.915888	137.098446
-26.915888	138.963731
-26.915888	140.829016
-26.915888	142.694301
-26.915888	144.559585
-26.915888	146.42487
-26.915888	148.290155
-26.915888	150.15544
-26.915888	152.020725
-26.915888	153.88601
-26.915888	155.751295
-26.915888	157.61658
-26.915888	159.481865
-26.915888	161.34715
-26.915888	163.212435
-26.915888	165.07772
-26.915888	166.943005
-26.915888	168.80829
-26.915888	170.673575
-26.915888	172.53886
-26.915888	174.404145
-26.915888	176.26943
-26.915888	178.134715
-25.233645	-180.0
-25.233645	-178.153846
-25.233645	-176.307692
-25.233645	-174.461538
-25.233645	-172.615385
-25.233645	-170.769231
-25.233645	-168.923077
-25.233645	-167.076923
-25.233645	-165.230769
-25.233645	-163.384615
-25.233645	-161.538462
-25.233645	-159.692308
-25.233645	-157.846154
-25.233645	-156.0
-25.233645	-154.153846
-25.233645	-152.307692
-25.233645	-150.461538
-25.233645	-148.615385
-25.233645	-146.769231
-25.233645	-144.923077
-25.233645	-143.076923
-25.233645	-141.230769
-25.233645	-139.384615
-25.233645	-137.538462
-25.233645	-135.692308
-25.233645	-133.846154
-25.233645	-132.0
-25.233645	-130.153846
-25.233645	-128.307692
-25.233645	-126.461538
-25.233645	-124.615385
-25.233645	-122.769231
-25.233645	-120.923077
-25.233645	-119.076923
-25.233645	-117.230769
-25.233645	-115.384615
-25.233645	-113.538462
-25.233645	-111.692308
-25.233645	-109.846154
-25.233645	-108.0
-25.233645	-106.153846
-25.233645	-104.307692
-25.233645	-102.461538
-25.233645	-100.615385
-25.233645	-98.769231
-25.233645	-96.923077
-25.233645	-95.076923
-25.233645	-93.230769
-25.233645	-91.384615
-25.233645	-89.538462
-25.233645	-87.692308
-25.233645	-85.846154
-25.233645	-84.0
-25.233645	-82.153846
-25.233645	-80.307692
-25.233645	-78.461538
-25.233645	-76.615385
-25.233645	-74.769231
-25.233645	-72.923077
-25.233645	-71.076923
-25.233645	-69.230769
-25.233645	-67.384615
-25.233645	-65.538462
-25.233645	-63.692308
-25.233645	-61.846154
-25.233645	-60.0
-25.233645	-58.153846
-25.233645	-56.307692
-25.233645	-54.461538
-25.233645	-52.615385
-25.233645	-50.769231
-25.233645	-48.923077
-25.233645	-47.076923
-25.233645	-45.230769
-25.233645	-43.384615
-25.233645	-41.538462
-25.233645	-39.692308
-25.233645	-37.846154
-25.233645	-36.0
-25.233645	-34.153846
-25.233645	-32.307692
-25.233645	-30.461538
-25.233645	-28.615385
-25.233645	-26.769231
-25.233645	-24.923077
-25.233645	-23.076923
-25.233645	-21.230769
-25.233645	-19.384615
-25.233645	-17.538462
-25.233645	-15.692308
-25.233645	-13.846154
-25.233645	-12.0
-25.233645	-10.153846
-25.233645	-8.307692
-25.233645	-6.461538
-25.233645	-4.615385
-25.233645	-2.769231
-25.233645	-0.923077
-25.233645	0.923077
-25.233645	2.769231
-25.233645	4.615385
-25.233645	6.461538
-25.233645	8.307692
-25.233645	10.153846
-25.233645	12.0
-25.233645	13.846154
-25.233645	15.692308
-25.233645	17.538462
-25.233645	19.384615
-25.233645	21.230769
-25.233645	23.076923
-25.233645	24.923077
-25.233645	26.769231
-25.233645	28.615385
-25.233645	30.461538
-25.233645	32.307692
-25.233645	34.153846
-25.233645	36.0
-25.233645	37.846154
-25.233645	39.692308
-25.233645	41.538462
-25.233645	43.384615
-25.233645	45.230769
-25.233645	47.076923
-25.233645	48.923077
-25.233645	50.769231
-25.233645	52.615385
-25.233645	54.461538
-25.233645	56.307692
-25.233645	58.153846
-25.233645	60.0
-25.233645	61.846154
-25.233645	63.692308
-25.233645	65.538462
-25.233645	67.384615
-25.233645	69.230769
-25.233645	71.076923
-25.233645	72.923077
-25.233645	74.769231
-25.233645	76.615385
-25.233645	78.461538
-25.233645	80.307692
-25.233645	82.153846
-25.233645	84.0
-25.233645	85.846154
-25.233645	87.692308
-25.233645	89.538462
-25.233645	91.384615
-25.233645	93.230769
-25.233645	95.076923
-25.233645	96.923077
-25.233645	98.769231
-25.233645	100.615385
-25.233645	102.461538
-25.233645	104.307692
-25.233645	106.153846
-25.233645	108.0
-25.233645	109.846154
-25.233645	111.692308
-25.233645	113.538462
-25.233645	115.384615
-25.233645	117.230769
-25.233645	119.076923
-25.233645	120.923077
-25.233645	122.769231
-25.233645	124.615385
-25.233645	126.461538
-25.233645	128.307692
-25.233645	130.153846
-25.233645	132.0
-25.233645	133.846154
-25.233645	135.692308
-25.233645	137.538462
-25.233645	139.384615
-25.233645	141.230769
-25.233645	143.076923
-25.233645	144.923077
-25.233645	146.769231
-25.233645	148.615385
-25.233645	150.461538
-25.233645	152.307692
-25.233645	154.153846
-25.233645	156.0
-25.233645	157.846154
-25.233645	159.692308
-25.233645	161.538462
-25.233645	163.384615
-25.233645	165.230769
-25.233645	167.076923
-25.233645	168.923077
-25.233645	170.769231
-25.233645	172.615385
-25.233645	174.461538
-25.233645	176.307692
-25.233645	178.153846
-23.551402	-180.0
-23.551402	-178.181818
-23.551402	-176.363636
-23.551402	-174.545455
-23.551402	-172.727273
-23.551402	-170.909091
-23.551402	-169.090909
-23.551402	-167.272727
-23.551402	-165.454545
-23.551402	-163.636364
-23.551402	-161.818182
-23.551402	-160.0
-23.551402	-158.181818
-23.551402	-156.363636
-23.551402	-154.545455
-23.551402	-152.727273
-23.551402	-150.909091
-23.551402	-149.090909
-23.551402	-147.272727
-23.551402	-145.454545
-23.551402	-143.636364
-23.551402	-141.818182
-23.551402	-140.0
-23.551402	-138.181818
-23.551402	-136.363636
-23.551402	-134.545455
-23.551402	-132.727273
-23.551402	-130.909091
-23.551402	-129.090909
-23.551402	-127.272727
-23.551402	-125.454545
-23.551402	-123.636364
-23.551402	-121.818182
-23.551402	-120.0
-23.551402	-118.181818
-23.551402	-116.363636
-23.551402	-114.545455
-23.551402	-112.727273
-23.551402	-110.909091
-23.551402	-109.090909
-23.551402	-107.272727
-23.551402	-105.454545
-23.551402	-103.636364
-23.551402	-101.818182
-23.551402	-100.0
-23.551402	-98.181818
-23.551402	-96.363636
-23.551402	-94.545455
-23.551402	-92.727273
-23.551402	-90.909091
-23.551402	-89.090909
-23.551402	-87.272727
-23.551402	-85.454545
-23.551402	-83.636364
-23.551402	-81.818182
-23.551402	-80.0
-23.551402	-78.181818
-23.551402	-76.363636
-23.551402	-74.545455
-23.551402	-72.727273
-23.551402	-70.909091
-23.551402	-69.090909
-23.551402	-67.272727
-23.551402	-65.454545
-23.551402	-63.636364
-23.551402	-61.818182
-23.551402	-60.0
-23.551402	-58.181818
-23.551402	-56.363636
-23.551402	-54.545455
-23.551402	-52.727273
-23.551402	-50.909091
-23.551402	-49.090909
-23.551402	-47.272727
-23.551402	-45.454545
-23.551402	-43.636364
-23.551402	-41.818182
-23.551402	-40.0
-23.551402	-38.181818
-23.551402	-36.363636
-23.551402	-34.545455
-23.551402	-32.727273
-23.551402	-30.909091
-23.551402	-29.090909
-23.551402	-27.272727
-23.551402	-25.454545
-23.551402	-23.636364
-23.551402	-21.818182
-23.551402	-20.0
-23.551402	-18.181818
-23.551402	-16.363636
-23.551402	-14.545455
-23.551402	-12.727273
-23.551402	-10.909091
-23.551402	-9.090909
-23.551402	-7.272727
-23.551402	-5.454545
-23.551402	-3.636364
-23.551402	-1.818182
-23.551402	0.0
-23.551402	1.818182
-23.551402	3.636364
-23.551402	5.454545
-23.551402	7.272727
-23.551402	9.090909
-23.551402	10.909091
-23.551402	12.727273
-23.551402	14.545455
-23.551402	16.363636
-23.551402	18.181818
-23.551402	20.0
-23.551402	21.818182
-23.551402	23.636364
-23.551402	25.454545
-23.551402	27.272727
-23.551402	29.090909
-23.551402	30.909091
-23.551402	32.727273
-23.551402	34.545455
-23.551402	36.363636
-23.551402	38.181818
-23.551402	40.0
-23.551402	41.818182
-23.551402	43.636364
-23.551402	45.454545
-23.551402	47.272727
-23.551402	49.090909
-23.551402	50.909091
-23.551402	52.727273
-23.551402	54.545455
-23.551402	56.363636
-23.551402	58.181818
-23.551402	60.0
-23.551402	61.818182
-23.551402	63.636364
-23.551402	65.454545
-23.551402	67.272727
-23.551402	69.090909
-23.551402	70.909091
-23.551402	72.727273
-23.551402	74.545455
-23.551402	76.363636
-23.551402	78.181818
-23.551402	80.0
-23.551402	81.818182
-23.551402	83.636364
-23.551402	85.454545
-23.551402	87.272727
-23.551402	89.090909
-23.551402	90.909091
-23.551402	92.727273
-23.551402	94.545455
-23.551402	96.363636
-23.551402	98.181818
-23.551402	100.0
-23.551402	101.818182
-23.551402	103.636364
-23.551402	105.454545
-23.551402	107.272727
-23.551402	109.090909
-23.551402	110.909091
-23.551402	112.727273
-23.551402	114.545455
-23.551402	116.363636
-23.551402	118.181818
-23.551402	120.0
-23.551402	121.818182
-23.551402	123.636364
-23.551402	125.454545
-23.551402	127.272727
-23.551402	129.090909
-23.551402	130.909091
-23.551402	132.727273
-23.551402	134.545455
-23.551402	136.363636
-23.551402	138.181818
-23.551402	140.0
-23.551402	141.818182
-23.551402	143.636364
-23.551402	145.454545
-23.551402	147.272727
-23.551402	149.090909
-23.551402	150.909091
-23.551402	152.727273
-23.551402	154.545455
-23.551402	156.363636
-23.551402	158.181818
-23.551402	160.0
-23.551402	161.818182
-23.551402	163.636364
-23.551402	165.454545
-23.551402	167.272727
-23.551402	169.090909
-23.551402	170.909091
-23.551402	172.727273
-23.551402	174.545455
-23.551402	176.363636
-23.551402	178.181818
-21.869159	-180.0
-21.869159	-178.2
-21.869159	-176.4
-21.869159	-174.6
-21.869159	-172.8
-21.869159	-171.0
-21.869159	-169.2
-21.869159	-167.4
-21.869159	-165.6
-21.869159	-163.8
-21.869159	-162.0
-21.869159	-160.2
-21.869159	-158.4
-21.869159	-156.6
-21.869159	-154.8
-21.869159	-153.0
-21.869159	-151.2
-21.869159	-149.4
-21.869159	-147.6
-21.869159	-145.8
-21.869159	-144.0
-21.869159	-142.2
-21.869159	-140.4
-21.869159	-138.6
-21.869159	-136.8
-21.869159	-135.0
-21.869159	-133.2
-21.869159	-131.4
-21.869159	-129.6
-21.869159	-127.8
-21.869159	-126.0
-21.869159	-124.2
-21.869159	-122.4
-21.869159	-120.6
-21.869159	-118.8
-21.869159	-117.0
-21.869159	-115.2
-21.869159	-113.4
-21.869159	-111.6
-21.869159	-109.8
-21.869159	-108.0
-21.869159	-106.2
-21.869159	-104.4
-21.869159	-102.6
-21.869159	-100.8
-21.869159	-99.0
-21.869159	-97.2
-21.869159	-95.4
-21.869159	-93.6
-21.869159	-91.8
-21.869159	-90.0
-21.869159	-88.2
-21.869159	-86.4
-21.869159	-84.6
-21.869159	-82.8
-21.869159	-81.0
-21.869159	-79.2
-21.869159	-77.4
-21.869159	-75.6
-21.869159	-73.8
-21.869159	-72.0
-21.869159	-70.2
-21.869159	-68.4
-21.869159	-66.6
-21.869159	-64.8
-21.869159	-63.0
-21.869159	-61.2
-21.869159	-59.4
-21.869159	-57.6
-21.869159	-55.8
-21.869159	-54.0
-21.869159	-52.2
-21.869159	-50.4
-21.869159	-48.6
-21.869159	-46.8
-21.869159	-45.0
-21.869159	-43.2
-21.869159	-41.4
-21.869159	-39.6
-21.869159	-37.8
-21.869159	-36.0
-21.869159	-34.2
-21.869159	-32.4
-21.869159	-30.6
-21.869159	-28.8
-21.869159	-27.0
-21.869159	-25.2
-21.869159	-23.4
-21.869159	-21.6
-21.869159	-19.8
-21.869159	-18.0
-21.869159	-16.2
-21.869159	-14.4
-21.869159	-12.6
-21.869159	-10.8
-21.869159	-9.0
-21.869159	-7.2
-21.869159	-5.4
-21.869159	-3.6
-21.869159	-1.8
-21.869159	0.0
-21.869159	1.8
-21.869159	3.6
-21.869159	5.4
-21.869159	7.2
-21.869159	9.0
-21.869159	10.8
-21.869159	12.6
-21.869159	14.4
-21.869159	16.2
-21.869159	18.0
-21.869159	19.8
-21.869159	21.6
-21.869159	23.4
-21.869159	25.2
-21.869159	27.0
-21.869159	28.8
-21.869159	30.6
-21.869159	32.4
-21.869159	34.2
-21.869159	36.0
-21.869159	37.8
-21.869159	39.6
-21.869159	41.4
-21.869159	43.2
-21.869159	45.0
-21.869159	46.8
-21.869159	48.6
-21.869159	50.4
-21.869159	52.2
-21.869159	54.0
-21.869159	55.8
-21.869159	57.6
-21.869159	59.4
-21.869159	61.2
-21.869159	63.0
-21.869159	64.8
-21.869159	66.6
-21.869159	68.4
-21.869159	70.2
-21.869159	72.0
-21.869159	73.8
-21.869159	75.6
-21.869159	77.4
-21.869159	79.2
-21.869159	81.0
-21.869159	82.8
-21.869159	84.6
-21.869159	86.4
-21.869159	88.2
-21.869159	90.0
-21.869159	91.8
-21.869159	93.6
-21.869159	95.4
-21.869159	97.2
-21.869159	99.0
-21.869159	100.8
-21.869159	102.6
-21.869159	104.4
-21.869159	106.2
-21.869159	108.0
-21.869159	109.8
-21.869159	111.6
-21.869159	113.4
-21.869159	115.2
-21.869159	117.0
-21.869159	118.8
-21.869159	120.6
-21.869159	122.4
-21.869159	124.2
-21.869159	126.0
-21.869159	127.8
-21.869159	129.6
-21.869159	131.4
-21.869159	133.2
-21.869159	135.0
-21.869159	136.8
-21.869159	138.6
-21.869159	140.4
-21.869159	142.2
-21.869159	144.0
-21.869159	145.8
-21.869159	147.6
-21.869159	149.4
-21.869159	151.2
-21.869159	153.0
-21.869159	154.8
-21.869159	156.6
-21.869159	158.4
-21.869159	160.2
-21.869159	162.0
-21.869159	163.8
-21.869159	165.6
-21.869159	167.4
-21.869159	169.2
-21.869159	171.0
-21.869159	172.8
-21.869159	174.6
-21.869159	176.4
-21.869159	178.2
-20.186916	-180.0
-20.186916	-178.226601
-20.186916	-176.453202
-20.186916	-174.679803
-20.186916	-172.906404
-20.186916	-171.133005
-20.186916	-169.359606
-20.186916	-167.586207
-20.186916	-165.812808
-20.186916	-164.039409
-20.186916	-162.26601
-20.186916	-160.492611
-20.186916	-158.719212
-20.186916	-156.945813
-20.186916	-155.172414
-20.186916	-153.399015
-20.186916	-151.625616
-20.186916	-149.852217
-20.186916	-148.078818
-20.186916	-146.305419
-20.186916	-144.53202
-20.186916	-142.758621
-20.186916	-140.985222
-20.186916	-139.211823
-20.186916	-137.438424
-20.186916	-135.665025
-20.186916	-133.891626
-20.186916	-132.118227
-20.186916	-130.344828
-20.186916	-128.571429
-20.186916	-126.79803
-20.186916	-125.024631
-20.186916	-123.251232
-20.186916	-121.477833
-20.186916	-119.704433
-20.186916	-117.931034
-20.186916	-116.157635
-20.186916	-114.384236
-20.186916	-112.610837
-20.186916	-110.837438
-20.186916	-109.064039
-20.186916	-107.29064
-20.186916	-105.517241
-20.186916	-103.743842
-20.186916	-101.970443
-20.186916	-100.197044
-20.186916	-98.423645
-20.186916	-96.650246
-20.186916	-94.876847
-20.186916	-93.103448
-20.186916	-91.330049
-20.186916	-89.55665
-20.186916	-87.783251
-20.186916	-86.009852
-20.186916	-84.236453
-20.186916	-82.463054
-20.186916	-80.689655
-20.186916	-78.916256
-20.186916	-77.142857
-20.186916	-75.369458
-20.186916	-73.596059
-20.186916	-71.82266
-20.186916	-70.049261
-20.186916	-68.275862
-20.186916	-66.502463
-20.186916	-64.729064
-20.186916	-62.955665
-20.186916	-61.182266
-20.186916	-59.408867
-20.186916	-57.635468
-20.186916	-55.862069
-20.186916	-54.08867
-20.186916	-52.315271
-20.186916	-50.541872
-20.186916	-48.768473
-20.186916	-46.995074
-20.186916	-45.221675
-20.186916	-43.448276
-20.186916	-41.674877
-20.186916	-39.901478
-20.186916	-38.128079
-20.186916	-36.35468
-20.186916	-34.581281
-20.186916	-32.807882
-20.186916	-31.034483
-20.186916	-29.261084
-20.186916	-27.487685
-20.186916	-25.714286
-20.186916	-23.940887
-20.186916	-22.167488
-20.186916	-20.394089
-20.186916	-18.62069
-20.186916	-16.847291
-20.186916	-15.073892
-20.186916	-13.300493
-20.186916	-11.527094
-20.186916	-9.753695
-20.186916	-7.980296
-20.186916	-6.206897
-20.186916	-4.433498
-20.186916	-2.660099
-20.186916	-0.8867
-20.186916	0.8867
-20.186916	2.660099
-20.186916	4.433498
-20.186916	6.206897
-20.186916	7.980296
-20.186916	9.753695
-20.186916	11.527094
-20.186916	13.300493
-20.186916	15.073892
-20.186916	16.847291
-20.186916	18.62069
-20.186916	20.394089
-20.186916	22.167488
-20.186916	23.940887
-20.186916	25.714286
-20.186916	27.487685
-20.186916	29.261084
-20.186916	31.034483
-20.186916	32.807882
-20.186916	34.581281
-20.186916	36.35468
-20.186916	38.128079
-20.186916	39.901478
-20.186916	41.674877
-20.186916	43.448276
-20.186916	45.221675
-20.186916	46.995074
-20.186916	48.768473
-20.186916	50.541872
-20.186916	52.315271
-20.186916	54.08867
-20.186916	55.862069
-20.186916	57.635468
-20.186916	59.408867
-20.186916	61.182266
-20.186916	62.955665
-20.186916	64.729064
-20.186916	66.502463
-20.186916	68.275862
-20.186916	70.049261
-20.186916	71.82266
-20.186916	73.596059
-20.186916	75.369458
-20.186916	77.142857
-20.186916	78.916256
-20.186916	80.689655
-20.186916	82.463054
-20.186916	84.236453
-20.186916	86.009852
-20.186916	87.783251
-20.186916	89.55665
-20.186916	91.330049
-20.186916	93.103448
-20.186916	94.876847
-20.186916	96.650246
-20.186916	98.423645
-20.186916	100.197044
-20.186916	101.970443
-20.186916	103.743842
-20.186916	105.517241
-20.186916	107.29064
-20.186916	109.064039
-20.186916	110.837438
-20.186916	112.610837
-20.186916	114.384236
-20.186916	116.157635
-20.186916	117.931034
-20.186916	119.704433
-20.186916	121.477833
-20.186916	123.251232
-20.186916	125.024631
-20.186916	126.79803
-20.186916	128.571429
-20.186916	130.344828
-20.186916	132.118227
-20.186916	133.891626
-20.186916	135.665025
-20.186916	137.438424
-20.186916	139.211823
-20.186916	140.985222
-20.186916	142.758621
-20.186916	144.53202
-20.186916	146.305419
-20.186916	148.078818
-20.186916	149.852217
-20.186916	151.625616
-20.186916	153.399015
-20.186916	155.172414
-20.186916	156.945813
-20.186916	158.719212
-20.186916	160.492611
-20.186916	162.26601
-20.186916	164.039409
-20.186916	165.812808
-20.186916	167.586207
-20.186916	169.359606
-20.186916	171.133005
-20.186916	172.906404
-20.186916	174.679803
-20.186916	176.453202
-20.186916	178.226601
-18.504673	-180.0
-18.504673	-178.243902
-18.504673	-176.487805
-18.504673	-174.731707
-18.504673	-172.97561
-18.504673	-171.219512
-18.504673	-169.463415
-18.504673	-167.707317
-18.504673	-165.95122
-18.504673	-164.195122
-18.504673	-162.439024
-18.504673	-160.682927
-18.504673	-158.926829
-18.504673	-157.170732
-18.504673	-155.414634
-18.504673	-153.658537
-18.504673	-151.902439
-18.504673	-150.146341
-18.504673	-148.390244
-18.504673	-146.634146
-18.504673	-144.878049
-18.504673	-143.121951
-18.504673	-141.365854
-18.504673	-139.609756
-18.504673	-137.853659
-18.504673	-136.097561
-18.504673	-134.341463
-18.504673	-132.585366
-18.504673	-130.829268
-18.504673	-129.073171
-18.504673	-127.317073
-18.504673	-125.560976
-18.504673	-123.804878
-18.504673	-122.04878
-18.504673	-120.292683
-18.504673	-118.536585
-18.504673	-116.780488
-18.504673	-115.02439
-18.504673	-113.268293
-18.504673	-111.512195
-18.504673	-109.756098
-18.504673	-108.0
-18.504673	-106.243902
-18.504673	-104.487805
-18.504673	-102.731707
-18.504673	-100.97561
-18.504673	-99.219512
-18.504673	-97.463415
-18.504673	-95.707317
-18.504673	-93.95122
-18.504673	-92.195122
-18.504673	-90.439024
-18.504673	-88.682927
-18.504673	-86.926829
-18.504673	-85.170732
-18.504673	-83.414634
-18.504673	-81.658537
-18.504673	-79.902439
-18.504673	-78.146341
-18.504673	-76.390244
-18.504673	-74.634146
-18.504673	-72.878049
-18.504673	-71.121951
-18.504673	-69.365854
-18.504673	-67.609756
-18.504673	-65.853659
-18.504673	-64.097561
-18.504673	-62.341463
-18.504673	-60.585366
-18.504673	-58.829268
-18.504673	-57.073171
-18.504673	-55.317073
-18.504673	-53.560976
-18.504673	-51.804878
-18.504673	-50.04878
-18.504673	-48.292683
-18.504673	-46.536585
-18.504673	-44.780488
-18.504673	-43.02439
-18.504673	-41.268293
-18.504673	-39.512195
-18.504673	-37.756098
-18.504673	-36.0
-18.504673	-34.243902
-18.504673	-32.487805
-18.504673	-30.731707
-18.504673	-28.97561
-18.504673	-27.219512
-18.504673	-25.463415
-18.504673	-23.707317
-18.504673	-21.95122
-18.504673	-20.195122
-18.504673	-18.439024
-18.504673	-16.682927
-18.504673	-14.926829
-18.504673	-13.170732
-18.504673	-11.414634
-18.504673	-9.658537
-18.504673	-7.902439
-18.504673	-6.146341
-18.504673	-4.390244
-18.504673	-2.634146
-18.504673	-0.878049
-18.504673	0.878049
-18.504673	2.634146
-18.504673	4.390244
-18.504673	6.146341
-18.504673	7.902439
-18.504673	9.658537
-18.504673	11.414634
-18.504673	13.170732
-18.504673	14.926829
-18.504673	16.682927
-18.504673	18.439024
-18.504673	20.195122
-18.504673	21.95122
-18.504673	23.707317
-18.504673	25.463415
-18.504673	27.219512
-18.504673	28.97561
-18.504673	30.731707
-18.504673	32.487805
-18.504673	34.243902
-18.504673	36.0
-18.504673	37.756098
-18.504673	39.512195
-18.504673	41.268293
-18.504673	43.02439
-18.504673	44.780488
-18.504673	46.536585
-18.504673	48.292683
-18.504673	50.04878
-18.504673	51.804878
-18.504673	53.560976
-18.504673	55.317073
-18.504673	57.073171
-18.504673	58.829268
-18.504673	60.585366
-18.504673	62.341463
-18.504673	64.097561
-18.504673	65.853659
-18.504673	67.609756
-18.504673	69.365854
-18.504673	71.121951
-18.504673	72.878049
-18.504673	74.634146
-18.504673	76.390244
-18.504673	78.146341
-18.504673	79.902439
-18.504673	81.658537
-18.504673	83.414634
-18.504673	85.170732
-18.504673	86.926829
-18.504673	88.682927
-18.504673	90.439024
-18.504673	92.195122
-18.504673	93.95122
-18.504673	95.707317
-18.504673	97.463415
-18.504673	99.219512
-18.504673	100.97561
-18.504673	102.731707
-18.504673	104.487805
-18.504673	106.243902
-18.504673	108.0
-18.504673	109.756098
-18.504673	111.512195
-18.504673	113.268293
-18.504673	115.02439
-18.504673	116.780488
-18.504673	118.536585
-18.504673	120.292683
-18.504673	122.04878
-18.504673	123.804878
-18.504673	125.560976
-18.504673	127.317073
-18.504673	129.073171
-18.504673	130.829268
-18.504673	132.585366
-18.504673	134.341463
-18.504673	136.097561
-18.504673	137.853659
-18.504673	139.609756
-18.504673	141.365854
-18.504673	143.121951
-18.504673	144.878049
-18.504673	146.634146
-18.504673	148.390244
-18.504673	150.146341
-18.504673	151.902439
-18.504673	153.658537
-18.504673	155.414634
-18.504673	157.170732
-18.504673	158.926829
-18.504673	160.682927
-18.504673	162.439024
-18.504673	164.195122
-18.504673	165.95122
-18.504673	167.707317
-18.504673	169.463415
-18.504673	171.219512
-18.504673	172.97561
-18.504673	174.731707
-18.504673	176.487805
-18.504673	178.243902
-16.82243	-180.0
-16.82243	-178.26087
-16.82243	-176.521739
-16.82243	-174.782609
-16.82243	-173.043478
-16.82243	-171.304348
-16.82243	-169.565217
-16.82243	-167.826087
-16.82243	-166.086957
-16.82243	-164.347826
-16.82243	-162.608696
-16.82243	-160.869565
-16.82243	-159.130435
-16.82243	-157.391304
-16.82243	-155.652174
-16.82243	-153.913043
-16.82243	-152.173913
-16.82243	-150.434783
-16.82243	-148.695652
-16.82243	-146.956522
-16.82243	-145.217391
-16.82243	-143.478261
-16.82243	-141.73913
-16.82243	-140.0
-16.82243	-138.26087
-16.82243	-136.521739
-16.82243	-134.782609
-16.82243	-133.043478
-16.82243	-131.304348
-16.82243	-129.565217
-16.82243	-127.826087
-16.82243	-126.086957
-16.82243	-124.347826
-16.82243	-122.608696
-16.82243	-120.869565
-16.82243	-119.130435
-16.82243	-117.391304
-16.82243	-115.652174
-16.82243	-113.913043
-16.82243	-112.173913
-16.82243	-110.434783
-16.82243	-108.695652
-16.82243	-106.956522
-16.82243	-105.217391
-16.82243	-103.478261
-16.82243	-101.73913
-16.82243	-100.0
-16.82243	-98.26087
-16.82243	-96.521739
-16.82243	-94.782609
-16.82243	-93.043478
-16.82243	-91.304348
-16.82243	-89.565217
-16.82243	-87.826087
-16.82243	-86.086957
-16.82243	-84.347826
-16.82243	-82.608696
-16.82243	-80.869565
-16.82243	-79.130435
-16.82243	-77.391304
-16.82243	-75.652174
-16.82243	-73.913043
-16.82243	-72.173913
-16.82243	-70.434783
-16.82243	-68.695652
-16.82243	-66.956522
-16.82243	-65.217391
-16.82243	-63.478261
-16.82243	-61.73913
-16.82243	-60.0
-16.82243	-58.26087
-16.82243	-56.521739
-16.82243	-54.782609
-16.82243	-53.043478
-16.82243	-51.304348
-16.82243	-49.565217
-16.82243	-47.826087
-16.82243	-46.086957
-16.82243	-44.347826
-16.82243	-42.608696
-16.82243	-40.869565
-16.82243	-39.130435
-16.82243	-37.391304
-16.82243	-35.652174
-16.82243	-33.913043
-16.82243	-32.173913
-16.82243	-30.434783
-16.82243	-28.695652
-16.82243	-26.956522
-16.82243	-25.217391
-16.82243	-23.478261
-16.82243	-21.73913
-16.82243	-20.0
-16.82243	-18.26087
-16.82243	-16.521739
-16.82243	-14.782609
-16.82243	-13.043478
-16.82243	-11.304348
-16.82243	-9.565217
-16.82243	-7.826087
-16.82243	-6.086957
-16.82243	-4.347826
-16.82243	-2.608696
-16.82243	-0.869565
-16.82243	0.869565
-16.82243	2.608696
-16.82243	4.347826
-16.82243	6.086957
-16.82243	7.826087
-16.82243	9.565217
-16.82243	11.304348
-16.82243	13.043478
-16.82243	14.782609
-16.82243	16.521739
-16.82243	18.26087
-16.82243	20.0
-16.82243	21.73913
-16.82243	23.478261
-16.82243	25.217391
-16.82243	26.956522
-16.82243	28.695652
-16.82243	30.434783
-16.82243	32.173913
-16.82243	33.913043
-16.82243	35.652174
-16.82243	37.391304
-16.82243	39.130435
-16.82243	40.869565
-16.82243	42.608696
-16.82243	44.347826
-16.82243	46.086957
-16.82243	47.826087
-16.82243	49.565217
-16.82243	51.304348
-16.82243	53.043478
-16.82243	54.782609
-16.82243	56.521739
-16.82243	58.26087
-16.82243	60.0
-16.82243	61.73913
-16.82243	63.478261
-16.82243	65.217391
-16.82243	66.956522
-16.82243	68.695652
-16.82243	70.434783
-16.82243	72.173913
-16.82243	73.913043
-16.82243	75.652174
-16.82243	77.391304
-16.82243	79.130435
-16.82243	80.869565
-16.82243	82.608696
-16.82243	84.347826
-16.82243	86.086957
-16.82243	87.826087
-16.82243	89.565217
-16.82243	91.304348
-16.82243	93.043478
-16.82243	94.782609
-16.82243	96.521739
-16.82243	98.26087
-16.82243	100.0
-16.82243	101.73913
-16.82243	103.478261
-16.82243	105.217391
-16.82243	106.956522
-16.82243	108.695652
-16.82243	110.434783
-16.82243	112.173913
-16.82243	113.913043
-16.82243	115.652174
-16.82243	117.391304
-16.82243	119.130435
-16.82243	120.869565
-16.82243	122.608696
-16.82243	124.347826
-16.82243	126.086957
-16.82243	127.826087
-16.82243	129.565217
-16.82243	131.304348
-16.82243	133.043478
-16.82243	134.782609
-16.82243	136.521739
-16.82243	138.26087
-16.82243	140.0
-16.82243	141.73913
-16.82243	143.478261
-16.82243	145.217391
-16.82243	146.956522
-16.82243	148.695652
-16.82243	150.434783
-16.82243	152.173913
-16.82243	153.913043
-16.82243	155.652174
-16.82243	157.391304
-16.82243	159.130435
-16.82243	160.869565
-16.82243	162.608696
-16.82243	164.347826
-16.82243	166.086957
-16.82243	167.826087
-16.82243	169.565217
-16.82243	171.304348
-16.82243	173.043478
-16.82243	174.782609
-16.82243	176.521739
-16.82243	178.26087
-15.140187	-180.0
-15.140187	-178.269231
-15.140187	-176.538462
-15.140187	-174.807692
-15.140187	-173.076923
-15.140187	-171.346154
-15.140187	-169.615385
-15.140187	-167.884615
-15.140187	-166.153846
-15.140187	-164.423077
-15.140187	-162.692308
-15.140187	-160.961538
-15.140187	-159.230769
-15.140187	-157.5
-15.140187	-155.769231
-15.140187	-154.038462
-15.140187	-152.307692
-15.140187	-150.576923
-15.140187	-148.846154
-15.140187	-147.115385
-15.140187	-145.384615
-15.140187	-143.653846
-15.140187	-141.923077
-15.140187	-140.192308
-15.140187	-138.461538
-15.140187	-136.730769
-15.140187	-135.0
-15.140187	-133.269231
-15.140187	-131.538462
-15.140187	-129.807692
-15.140187	-128.076923
-15.140187	-126.346154
-15.140187	-124.615385
-15.140187	-122.884615
-15.140187	-121.153846
-15.140187	-119.423077
-15.140187	-117.692308
-15.140187	-115.961538
-15.140187	-114.230769
-15.140187	-112.5
-15.140187	-110.769231
-15.140187	-109.038462
-15.140187	-107.307692
-15.140187	-105.576923
-15.140187	-103.846154
-15.140187	-102.115385
-15.140187	-100.384615
-15.140187	-98.653846
-15.140187	-96.923077
-15.140187	-95.192308
-15.140187	-93.461538
-15.140187	-91.730769
-15.140187	-90.0
-15.140187	-88.269231
-15.140187	-86.538462
-15.140187	-84.807692
-15.140187	-83.076923
-15.140187	-81.346154
-15.140187	-79.615385
-15.140187	-77.884615
-15.140187	-76.153846
-15.140187	-74.423077
-15.140187	-72.692308
-15.140187	-70.961538
-15.140187	-69.230769
-15.140187	-67.5
-15.140187	-65.769231
-15.140187	-64.038462
-15.140187	-62.307692
-15.140187	-60.576923
-15.140187	-58.846154
-15.140187	-57.115385
-15.140187	-55.384615
-15.140187	-53.653846
-15.140187	-51.923077
-15.140187	-50.192308
-15.140187	-48.461538
-15.140187	-46.730769
-15.140187	-45.0
-15.140187	-43.269231
-15.140187	-41.538462
-15.140187	-39.807692
-15.140187	-38.076923
-15.140187	-36.346154
-15.140187	-34.615385
-15.140187	-32.884615
-15.140187	-31.153846
-15.140187	-29.423077
-15.140187	-27.692308
-15.140187	-25.961538
-15.140187	-24.230769
-15.140187	-22.5
-15.140187	-20.769231
-15.140187	-19.038462
-15.140187	-17.307692
-15.140187	-15.576923
-15.140187	-13.846154
-15.140187	-12.115385
-15.140187	-10.384615
-15.140187	-8.653846
-15.140187	-6.923077
-15.140187	-5.192308
-15.140187	-3.461538
-15.140187	-1.730769
-15.140187	0.0
-15.140187	1.730769
-15.140187	3.461538
-15.140187	5.192308
-15.140187	6.923077
-15.140187	8.653846
-15.140187	10.384615
-15.140187	12.115385
-15.140187	13.846154
-15.140187	15.576923
-15.140187	17.307692
-15.140187	19.038462
-15.140187	20.769231
-15.140187	22.5
-15.140187	24.230769
-15.140187	25.961538
-15.140187	27.692308
-15.140187	29.423077
-15.140187	31.153846
-15.140187	32.884615
-15.140187	34.615385
-15.140187	36.346154
-15.140187	38.076923
-15.140187	39.807692
-15.140187	41.538462
-15.140187	43.269231
-15.140187	45.0
-15.140187	46.730769
-15.140187	48.461538
-15.140187	50.192308
-15.140187	51.923077
-15.140187	53.653846
-15.140187	55.384615
-15.140187	57.115385
-15.140187	58.846154
-15.140187	60.576923
-15.140187	62.307692
-15.140187	64.038462
-15.140187	65.769231
-15.140187	67.5
-15.140187	69.230769
-15.140187	70.961538
-15.140187	72.692308
-15.140187	74.423077
-15.140187	76.153846
-15.140187	77.884615
-15.140187	79.615385
-15.140187	81.346154
-15.140187	83.076923
-15.140187	84.807692
-15.140187	86.538462
-15.140187	88.269231
-15.140187	90.0
-15.140187	91.730769
-15.140187	93.461538
-15.140187	95.192308
-15.140187	96.923077
-15.140187	98.653846
-15.140187	100.384615
-15.140187	102.115385
-15.140187	103.846154
-15.140187	105.576923
-15.140187	107.307692
-15.140187	109.038462
-15.140187	110.769231
-15.140187	112.5
-15.140187	114.230769
-15.140187	115.961538
-15.140187	117.692308
-15.140187	119.423077
-15.140187	121.153846
-15.140187	122.884615
-15.140187	124.615385
-15.140187	126.346154
-15.140187	128.076923
-15.140187	129.807692
-15.140187	131.538462
-15.140187	133.269231
-15.140187	135.0
-15.140187	136.730769
-15.140187	138.461538
-15.140187	140.192308
-15.140187	141.923077
-15.140187	143.653846
-15.140187	145.384615
-15.140187	147.115385
-15.140187	148.846154
-15.140187	150.576923
-15.140187	152.307692
-15.140187	154.038462
-15.140187	155.769231
-15.140187	157.5
-15.140187	159.230769
-15.140187	160.961538
-15.140187	162.692308
-15.140187	164.423077
-15.140187	166.153846
-15.140187	167.884615
-15.140187	169.615385
-15.140187	171.346154
-15.140187	173.076923
-15.140187	174.807692
-15.140187	176.538462
-15.140187	178.269231
-13.457944	-180.0
-13.457944	-178.285714
-13.457944	-176.571429
-13.457944	-174.857143
-13.457944	-173.142857
-13.457944	-171.428571
-13.457944	-169.714286
-13.457944	-168.0
-13.457944	-166.285714
-13.457944	-164.571429
-13.457944	-162.857143
-13.457944	-161.142857
-13.457944	-159.428571
-13.457944	-157.714286
-13.457944	-156.0
-13.457944	-154.285714
-13.457944	-152.571429
-13.457944	-150.857143
-13.457944	-149.142857
-13.457944	-147.428571
-13.457944	-145.714286
-13.457944	-144.0
-13.457944	-142.285714
-13.457944	-140.571429
-13.457944	-138.857143
-13.457944	-137.142857
-13.457944	-135.428571
-13.457944	-133.714286
-13.457944	-132.0
-13.457944	-130.285714
-13.457944	-128.571429
-13.457944	-126.857143
-13.457944	-125.142857
-13.457944	-123.428571
-13.457944	-121.714286
-13.457944	-120.0
-13.457944	-118.285714
-13.457944	-116.571429
-13.457944	-114.857143
-13.457944	-113.142857
-13.457944	-111.428571
-13.457944	-109.714286
-13.457944	-108.0
-13.457944	-106.285714
-13.457944	-104.571429
-13.457944	-102.857143
-13.457944	-101.142857
-13.457944	-99.428571
-13.457944	-97.714286
-13.457944	-96.0
-13.457944	-94.285714
-13.457944	-92.571429
-13.457944	-90.857143
-13.457944	-89.142857
-13.457944	-87.428571
-13.457944	-85.714286
-13.457944	-84.0
-13.457944	-82.285714
-13.457944	-80.571429
-13.457944	-78.857143
-13.457944	-77.142857
-13.457944	-75.428571
-13.457944	-73.714286
-13.457944	-72.0
-13.457944	-70.285714
-13.457944	-68.571429
-13.457944	-66.857143
-13.457944	-65.142857
-13.457944	-63.428571
-13.457944	-61.714286
-13.457944	-60.0
-13.457944	-58.285714
-13.457944	-56.571429
-13.457944	-54.857143
-13.457944	-53.142857
-13.457944	-51.428571
-13.457944	-49.714286
-13.457944	-48.0
-13.457944	-46.285714
-13.457944	-44.571429
-13.457944	-42.857143
-13.457944	-41.142857
-13.457944	-39.428571
-13.457944	-37.714286
-13.457944	-36.0
-13.457944	-34.285714
-13.457944	-32.571429
-13.457944	-30.857143
-13.457944	-29.142857
-13.457944	-27.428571
-13.457944	-25.714286
-13.457944	-24.0
-13.457944	-22.285714
-13.457944	-20.571429
-13.457944	-18.857143
-13.457944	-17.142857
-13.457944	-15.428571
-13.457944	-13.714286
-13.457944	-12.0
-13.457944	-10.285714
-13.457944	-8.571429
-13.457944	-6.857143
-13.457944	-5.142857
-13.457944	-3.428571
-13.457944	-1.714286
-13.457944	0.0
-13.457944	1.714286
-13.457944	3.428571
-13.457944	5.142857
-13.457944	6.857143
-13.457944	8.571429
-13.457944	10.285714
-13.457944	12.0
-13.457944	13.714286
-13.457944	15.428571
-13.457944	17.142857
-13.457944	18.857143
-13.457944	20.571429
-13.457944	22.285714
-13.457944	24.0
-13.457944	25.714286
-13.457944	27.428571
-13.457944	29.142857
-13.457944	30.857143
-13.457944	32.571429
-13.457944	34.285714
-13.457944	36.0
-13.457944	37.714286
-13.457944	39.428571
-13.457944	41.142857
-13.457944	42.857143
-13.457944	44.571429
-13.457944	46.285714
-13.457944	48.0
-13.457944	49.714286
-13.457944	51.428571
-13.457944	53.142857
-13.457944	54.857143
-13.457944	56.571429
-13.457944	58.285714
-13.457944	60.0
-13.457944	61.714286
-13.457944	63.428571
-13.457944	65.142857
-13.457944	66.857143
-13.457944	68.571429
-13.457944	70.285714
-13.457944	72.0
-13.457944	73.714286
-13.457944	75.428571
-13.457944	77.142857
-13.457944	78.857143
-13.457944	80.571429
-13.457944	82.285714
-13.457944	84.0
-13.457944	85.714286
-13.457944	87.428571
-13.457944	89.142857
-13.457944	90.857143
-13.457944	92.571429
-13.457944	94.285714
-13.457944	96.0
-13.457944	97.714286
-13.457944	99.428571
-13.457944	101.142857
-13.457944	102.857143
-13.457944	104.571429
-13.457944	106.285714
-13.457944	108.0
-13.457944	109.714286
-13.457944	111.428571
-13.457944	113.142857
-13.457944	114.857143
-13.457944	116.571429
-13.457944	118.285714
-13.457944	120.0
-13.457944	121.714286
-13.457944	123.428571
-13.457944	125.142857
-13.457944	126.857143
-13.457944	128.571429
-13.457944	130.285714
-13.457944	132.0
-13.457944	133.714286
-13.457944	135.428571
-13.457944	137.142857
-13.457944	138.857143
-13.457944	140.571429
-13.457944	142.285714
-13.457944	144.0
-13.457944	145.714286
-13.457944	147.428571
-13.457944	149.142857
-13.457944	150.857143
-13.457944	152.571429
-13.457944	154.285714
-13.457944	156.0
-13.457944	157.714286
-13.457944	159.428571
-13.457944	161.142857
-13.457944	162.857143
-13.457944	164.571429
-13.457944	166.285714
-13.457944	168.0
-13.457944	169.714286
-13.457944	171.428571
-13.457944	173.142857
-13.457944	174.857143
-13.457944	176.571429
-13.457944	178.285714
-11.775701	-180.0
-11.775701	-178.293839
-11.775701	-176.587678
-11.775701	-174.881517
-11.775701	-173.175355
-11.775701	-171.469194
-11.775701	-169.763033
-11.775701	-168.056872
-11.775701	-166.350711
-11.775701	-164.64455
-11.775701	-162.938389
-11.775701	-161.232227
-11.775701	-159.526066
-11.775701	-157.819905
-11.775701	-156.113744
-11.775701	-154.407583
-11.775701	-152.701422
-11.775701	-150.995261
-11.775701	-149.2891
-11.775701	-147.582938
-11.775701	-145.876777
-11.775701	-144.170616
-11.775701	-142.464455
-11.775701	-140.758294
-11.775701	-139.052133
-11.775701	-137.345972
-11.775701	-135.63981
-11.775701	-133.933649
-11.775701	-132.227488
-11.775701	-130.521327
-11.775701	-128.815166
-11.775701	-127.109005
-11.775701	-125.402844
-11.775701	-123.696682
-11.775701	-121.990521
-11.775701	-120.28436
-11.775701	-118.578199
-11.775701	-116.872038
-11.775701	-115.165877
-11.775701	-113.459716
-11.775701	-111.753555
-11.775701	-110.047393
-11.775701	-108.341232
-11.775701	-106.635071
-11.775701	-104.92891
-11.775701	-103.222749
-11.775701	-101.516588
-11.775701	-99.810427
-11.775701	-98.104265
-11.775701	-96.398104
-11.775701	-94.691943
-11.775701	-92.985782
-11.775701	-91.279621
-11.775701	-89.57346
-11.775701	-87.867299
-11.775701	-86.161137
-11.775701	-84.454976
-11.775701	-82.748815
-11.775701	-81.042654
-11.775701	-79.336493
-11.775701	-77.630332
-11.775701	-75.924171
-11.775701	-74.218009
-11.775701	-72.511848
-11.775701	-70.805687
-11.775701	-69.099526
-11.775701	-67.393365
-11.775701	-65.687204
-11.775701	-63.981043
-11.775701	-62.274882
-11.775701	-60.56872
-11.775701	-58.862559
-11.775701	-57.156398
-11.775701	-55.450237
-11.775701	-53.744076
-11.775701	-52.037915
-11.775701	-50.331754
-11.775701	-48.625592
-11.775701	-46.919431
-11.775701	-45.21327
-11.775701	-43.507109
-11.775701	-41.800948
-11.775701	-40.094787
-11.775701	-38.388626
-11.775701	-36.682464
-11.775701	-34.976303
-11.775701	-33.270142
-11.775701	-31.563981
-11.775701	-29.85782
-11.775701	-28.151659
-11.775701	-26.445498
-11.775701	-24.739336
-11.775701	-23.033175
-11.775701	-21.327014
-11.775701	-19.620853
-11.775701	-17.914692
-11.775701	-16.208531
-11.775701	-14.50237
-11.775701	-12.796209
-11.775701	-11.090047
-11.775701	-9.383886
-11.775701	-7.677725
-11.775701	-5.971564
-11.775701	-4.265403
-11.775701	-2.559242
-11.775701	-0.853081
-11.775701	0.853081
-11.775701	2.559242
-11.775701	4.265403
-11.775701	5.971564
-11.775701	7.677725
-11.775701	9.383886
-11.775701	11.090047
-11.775701	12.796209
-11.775701	14.50237
-11.775701	16.208531
-11.775701	17.914692
-11.775701	19.620853
-11.775701	21.327014
-11.775701	23.033175
-11.775701	24.739336
-11.775701	26.445498
-11.775701	28.151659
-11.775701	29.85782
-11.775701	31.563981
-11.775701	33.270142
-11.775701	34.976303
-11.775701	36.682464
-11.775701	38.388626
-11.775701	40.094787
-11.775701	41.800948
-11.775701	43.507109
-11.775701	45.21327
-11.775701	46.919431
-11.775701	48.625592
-11.775701	50.331754
-11.775701	52.037915
-11.775701	53.744076
-11.775701	55.450237
-11.775701	57.156398
-11.775701	58.862559
-11.775701	60.56872
-11.775701	62.274882
-11.775701	63.981043
-11.775701	65.687204
-11.775701	67.393365
-11.775701	69.099526
-11.775701	70.805687
-11.775701	72.511848
-11.775701	74.218009
-11.775701	75.924171
-11.775701	77.630332
-11.775701	79.336493
-11.775701	81.042654
-11.775701	82.748815
-11.775701	84.454976
-11.775701	86.161137
-11.775701	87.867299
-11.775701	89.57346
-11.775701	91.279621
-11.775701	92.985782
-11.775701	94.691943
-11.775701	96.398104
-11.775701	98.104265
-11.775701	99.810427
-11.775701	101.516588
-11.775701	103.222749
-11.775701	104.92891
-11.775701	106.635071
-11.775701	108.341232
-11.775701	110.047393
-11.775701	111.753555
-11.775701	113.459716
-11.775701	115.165877
-11.775701	116.872038
-11.775701	118.578199
-11.775701	120.28436
-11.775701	121.990521
-11.775701	123.696682
-11.775701	125.402844
-11.775701	127.109005
-11.775701	128.815166
-11.775701	130.521327
-11.775701	132.227488
-11.775701	133.933649
-11.775701	135.63981
-11.775701	137.345972
-11.775701	139.052133
-11.775701	140.758294
-11.775701	142.464455
-11.775701	144.170616
-11.775701	145.876777
-11.775701	147.582938
-11.775701	149.2891
-11.775701	150.995261
-11.775701	152.701422
-11.775701	154.407583
-11.775701	156.113744
-11.775701	157.819905
-11.775701	159.526066
-11.775701	161.232227
-11.775701	162.938389
-11.775701	164.64455
-11.775701	166.350711
-11.775701	168.056872
-11.775701	169.763033
-11.775701	171.469194
-11.775701	173.175355
-11.775701	174.881517
-11.775701	176.587678
-11.775701	178.293839
-10.093458	-180.0
-10.093458	-178.309859
-10.093458	-176.619718
-10.093458	-174.929577
-10.093458	-173.239437
-10.093458	-171.549296
-10.093458	-169.859155
-10.093458	-168.169014
-10.093458	-166.478873
-10.093458	-164.788732
-10.093458	-163.098592
-10.093458	-161.408451
-10.093458	-159.71831
-10.093458	-158.028169
-10.093458	-156.338028
-10.093458	-154.647887
-10.093458	-152.957746
-10.093458	-151.267606
-10.093458	-149.577465
-10.093458	-147.887324
-10.093458	-146.197183
-10.093458	-144.507042
-10.093458	-142.816901
-10.093458	-141.126761
-10.093458	-139.43662
-10.093458	-137.746479
-10.093458	-136.056338
-10.093458	-134.366197
-10.093458	-132.676056
-10.093458	-130.985915
-10.093458	-129.295775
-10.093458	-127.605634
-10.093458	-125.915493
-10.093458	-124.225352
-10.093458	-122.535211
-10.093458	-120.84507
-10.093458	-119.15493
-10.093458	-117.464789
-10.093458	-115.774648
-10.093458	-114.084507
-10.093458	-112.394366
-10.093458	-110.704225
-10.093458	-109.014085
-10.093458	-107.323944
-10.093458	-105.633803
-10.093458	-103.943662
-10.093458	-102.253521
-10.093458	-100.56338
-10.093458	-98.873239
-10.093458	-97.183099
-10.093458	-95.492958
-10.093458	-93.802817
-10.093458	-92.112676
-10.093458	-90.422535
-10.093458	-88.732394
-10.093458	-87.042254
-10.093458	-85.352113
-10.093458	-83.661972
-10.093458	-81.971831
-10.093458	-80.28169
-10.093458	-78.591549
-10.093458	-76.901408
-10.093458	-75.211268
-10.093458	-73.521127
-10.093458	-71.830986
-10.093458	-70.140845
-10.093458	-68.450704
-10.093458	-66.760563
-10.093458	-65.070423
-10.093458	-63.380282
-10.093458	-61.690141
-10.093458	-60.0
-10.093458	-58.309859
-10.093458	-56.619718
-10.093458	-54.929577
-10.093458	-53.239437
-10.093458	-51.549296
-10.093458	-49.859155
-10.093458	-48.169014
-10.093458	-46.478873
-10.093458	-44.788732
-10.093458	-43.098592
-10.093458	-41.408451
-10.093458	-39.71831
-10.093458	-38.028169
-10.093458	-36.338028
-10.093458	-34.647887
-10.093458	-32.957746
-10.093458	-31.267606
-10.093458	-29.577465
-10.093458	-27.887324
-10.093458	-26.197183
-10.093458	-24.507042
-10.093458	-22.816901
-10.093458	-21.126761
-10.093458	-19.43662
-10.093458	-17.746479
-10.093458	-16.056338
-10.093458	-14.366197
-10.093458	-12.676056
-10.093458	-10.985915
-10.093458	-9.295775
-10.093458	-7.605634
-10.093458	-5.915493
-10.093458	-4.225352
-10.093458	-2.535211
-10.093458	-0.84507
-10.093458	0.84507
-10.093458	2.535211
-10.093458	4.225352
-10.093458	5.915493
-10.093458	7.605634
-10.093458	9.295775
-10.093458	10.985915
-10.093458	12.676056
-10.093458	14.366197
-10.093458	16.056338
-10.093458	17.746479
-10.093458	19.43662
-10.093458	21.126761
-10.093458	22.816901
-10.093458	24.507042
-10.093458	26.197183
-10.093458	27.887324
-10.093458	29.577465
-10.093458	31.267606
-10.093458	32.957746
-10.093458	34.647887
-10.093458	36.338028
-10.093458	38.028169
-10.093458	39.71831
-10.093458	41.408451
-10.093458	43.098592
-10.093458	44.788732
-10.093458	46.478873
-10.093458	48.169014
-10.093458	49.859155
-10.093458	51.549296
-10.093458	53.239437
-10.093458	54.929577
-10.093458	56.619718
-10.093458	58.309859
-10.093458	60.0
-10.093458	61.690141
-10.093458	63.380282
-10.093458	65.070423
-10.093458	66.760563
-10.093458	68.450704
-10.093458	70.140845
-10.093458	71.830986
-10.093458	73.521127
-10.093458	75.211268
-10.093458	76.901408
-10.093458	78.591549
-10.093458	80.28169
-10.093458	81.971831
-10.093458	83.661972
-10.093458	85.352113
-10.093458	87.042254
-10.093458	88.732394
-10.093458	90.422535
-10.093458	92.112676
-10.093458	93.802817
-10.093458	95.492958
-10.093458	97.183099
-10.093458	98.873239
-10.093458	100.56338
-10.093458	102.253521
-10.093458	103.943662
-10.093458	105.633803
-10.093458	107.323944
-10.093458	109.014085
-10.093458	110.704225
-10.093458	112.394366
-10.093458	114.084507
-10.093458	115.774648
-10.093458	117.464789
-10.093458	119.15493
-10.093458	120.84507
-10.093458	122.535211
-10.093458	124.225352
-10.093458	125.915493
-10.093458	127.605634
-10.093458	129.295775
-10.093458	130.985915
-10.093458	132.676056
-10.093458	134.366197
-10.093458	136.056338
-10.093458	137.746479
-10.093458	139.43662
-10.093458	141.126761
-10.093458	142.816901
-10.093458	144.507042
-10.093458	146.197183
-10.093458	147.887324
-10.093458	149.577465
-10.093458	151.267606
-10.093458	152.957746
-10.093458	154.647887
-10.093458	156.338028
-10.093458	158.028169
-10.093458	159.71831
-10.093458	161.408451
-10.093458	163.098592
-10.093458	164.788732
-10.093458	166.478873
-10.093458	168.169014
-10.093458	169.859155
-10.093458	171.549296
-10.093458	173.239437
-10.093458	174.929577
-10.093458	176.619718
-10.093458	178.309859
-8.411215	-180.0
-8.411215	-178.317757
-8.411215	-176.635514
-8.411215	-174.953271
-8.411215	-173.271028
-8.411215	-171.588785
-8.411215	-169.906542
-8.411215	-168.224299
-8.411215	-166.542056
-8.411215	-164.859813
-8.411215	-163.17757
-8.411215	-161.495327
-8.411215	-159.813084
-8.411215	-158.130841
-8.411215	-156.448598
-8.411215	-154.766355
-8.411215	-153.084112
-8.411215	-151.401869
-8.411215	-149.719626
-8.411215	-148.037383
-8.411215	-146.35514
-8.411215	-144.672897
-8.411215	-142.990654
-8.411215	-141.308411
-8.411215	-139.626168
-8.411215	-137.943925
-8.411215	-136.261682
-8.411215	-134.579439
-8.411215	-132.897196
-8.411215	-131.214953
-8.411215	-129.53271
-8.411215	-127.850467
-8.411215	-126.168224
-8.411215	-124.485981
-8.411215	-122.803738
-8.411215	-121.121495
-8.411215	-119.439252
-8.411215	-117.757009
-8.411215	-116.074766
-8.411215	-114.392523
-8.411215	-112.71028
-8.411215	-111.028037
-8.411215	-109.345794
-8.411215	-107.663551
-8.411215	-105.981308
-8.411215	-104.299065
-8.411215	-102.616822
-8.411215	-100.934579
-8.411215	-99.252336
-8.411215	-97.570093
-8.411215	-95.88785
-8.411215	-94.205607
-8.411215	-92.523364
-8.411215	-90.841121
-8.411215	-89.158879
-8.411215	-87.476636
-8.411215	-85.794393
-8.411215	-84.11215
-8.411215	-82.429907
-8.411215	-80.747664
-8.411215	-79.065421
-8.411215	-77.383178
-8.411215	-75.700935
-8.411215	-74.018692
-8.411215	-72.336449
-8.411215	-70.654206
-8.411215	-68.971963
-8.411215	-67.28972
-8.411215	-65.607477
-8.411215	-63.925234
-8.411215	-62.242991
-8.411215	-60.560748
-8.411215	-58.878505
-8.411215	-57.196262
-8.411215	-55.514019
-8.411215	-53.831776
-8.411215	-52.149533
-8.411215	-50.46729
-8.411215	-48.785047
-8.411215	-47.102804
-8.411215	-45.420561
-8.411215	-43.738318
-8.411215	-42.056075
-8.411215	-40.373832
-8.411215	-38.691589
-8.411215	-37.009346
-8.411215	-35.327103
-8.411215	-33.64486
-8.411215	-31.962617
-8.411215	-30.280374
-8.411215	-28.598131
-8.411215	-26.915888
-8.411215	-25.233645
-8.411215	-23.551402
-8.411215	-21.869159
-8.411215	-20.186916
-8.411215	-18.504673
-8.411215	-16.82243
-8.411215	-15.140187
-8.411215	-13.457944
-8.411215	-11.775701
-8.411215	-10.093458
-8.411215	-8.411215
-8.411215	-6.728972
-8.411215	-5.046729
-8.411215	-3.364486
-8.411215	-1.682243
-8.411215	0.0
-8.411215	1.682243
-8.411215	3.364486
-8.411215	5.046729
-8.411215	6.728972
-8.411215	8.411215
-8.411215	10.093458
-8.411215	11.775701
-8.411215	13.457944
-8.411215	15.140187
-8.411215	16.82243
-8.411215	18.504673
-8.411215	20.186916
-8.411215	21.869159
-8.411215	23.551402
-8.411215	25.233645
-8.411215	26.915888
-8.411215	28.598131
-8.411215	30.280374
-8.411215	31.962617
-8.411215	33.64486
-8.411215	35.327103
-8.411215	37.009346
-8.411215	38.691589
-8.411215	40.373832
-8.411215	42.056075
-8.411215	43.738318
-8.411215	45.420561
-8.411215	47.102804
-8.411215	48.785047
-8.411215	50.46729
-8.411215	52.149533
-8.411215	53.831776
-8.411215	55.514019
-8.411215	57.196262
-8.411215	58.878505
-8.411215	60.560748
-8.411215	62.242991
-8.411215	63.925234
-8.411215	65.607477
-8.411215	67.28972
-8.411215	68.971963
-8.411215	70.654206
-8.411215	72.336449
-8.411215	74.018692
-8.411215	75.700935
-8.411215	77.383178
-8.411215	79.065421
-8.411215	80.747664
-8.411215	82.429907
-8.411215	84.11215
-8.411215	85.794393
-8.411215	87.476636
-8.411215	89.158879
-8.411215	90.841121
-8.411215	92.523364
-8.411215	94.205607
-8.411215	95.88785
-8.411215	97.570093
-8.411215	99.252336
-8.411215	100.934579
-8.411215	102.616822
-8.411215	104.299065
-8.411215	105.981308
-8.411215	107.663551
-8.411215	109.345794
-8.411215	111.028037
-8.411215	112.71028
-8.411215	114.392523
-8.411215	116.074766
-8.411215	117.757009
-8.411215	119.439252
-8.411215	121.121495
-8.411215	122.803738
-8.411215	124.485981
-8.411215	126.168224
-8.411215	127.850467
-8.411215	129.53271
-8.411215	131.214953
-8.411215	132.897196
-8.411215	134.579439
-8.411215	136.261682
-8.411215	137.943925
-8.411215	139.626168
-8.411215	141.308411
-8.411215	142.990654
-8.411215	144.672897
-8.411215	146.35514
-8.411215	148.037383
-8.411215	149.719626
-8.411215	151.401869
-8.411215	153.084112
-8.411215	154.766355
-8.411215	156.448598
-8.411215	158.130841
-8.411215	159.813084
-8.411215	161.495327
-8.411215	163.17757
-8.411215	164.859813
-8.411215	166.542056
-8.411215	168.224299
-8.411215	169.906542
-8.411215	171.588785
-8.411215	173.271028
-8.411215	174.953271
-8.411215	176.635514
-8.411215	178.317757
-6.728972	-180.0
-6.728972	-178.317757
-6.728972	-176.635514
-6.728972	-174.953271
-6.728972	-173.271028
-6.728972	-171.588785
-6.728972	-169.906542
-6.728972	-168.224299
-6.728972	-166.542056
-6.728972	-164.859813
-6.728972	-163.17757
-6.728972	-161.495327
-6.728972	-159.813084
-6.728972	-158.130841
-6.728972	-156.448598
-6.728972	-154.766355
-6.728972	-153.084112
-6.728972	-151.401869
-6.728972	-149.719626
-6.728972	-148.037383
-6.728972	-146.35514
-6.728972	-144.672897
-6.728972	-142.990654
-6.728972	-141.308411
-6.728972	-139.626168
-6.728972	-137.943925
-6.728972	-136.261682
-6.728972	-134.579439
-6.728972	-132.897196
-6.728972	-131.214953
-6.728972	-129.53271
-6.728972	-127.850467
-6.728972	-126.168224
-6.728972	-124.485981
-6.728972	-122.803738
-6.728972	-121.121495
-6.728972	-119.439252
-6.728972	-117.757009
-6.728972	-116.074766
-6.728972	-114.392523
-6.728972	-112.71028
-6.728972	-111.028037
-6.728972	-109.345794
-6.728972	-107.663551
-6.728972	-105.981308
-6.728972	-104.299065
-6.728972	-102.616822
-6.728972	-100.934579
-6.728972	-99.252336
-6.728972	-97.570093
-6.728972	-95.88785
-6.728972	-94.205607
-6.728972	-92.523364
-6.728972	-90.841121
-6.728972	-89.158879
-6.728972	-87.476636
-6.728972	-85.794393
-6.728972	-84.11215
-6.728972	-82.429907
-6.728972	-80.747664
-6.728972	-79.065421
-6.728972	-77.383178
-6.728972	-75.700935
-6.728972	-74.018692
-6.728972	-72.336449
-6.728972	-70.654206
-6.728972	-68.971963
-6.728972	-67.28972
-6.728972	-65.607477
-6.728972	-63.925234
-6.728972	-62.242991
-6.728972	-60.560748
-6.728972	-58.878505
-6.728972	-57.196262
-6.728972	-55.514019
-6.728972	-53.831776
-6.728972	-52.149533
-6.728972	-50.46729
-6.728972	-48.785047
-6.728972	-47.102804
-6.728972	-45.420561
-6.728972	-43.738318
-6.728972	-42.056075
-6.728972	-40.373832
-6.728972	-38.691589
-6.728972	-37.009346
-6.728972	-35.327103
-6.728972	-33.64486
-6.728972	-31.962617
-6.728972	-30.280374
-6.728972	-28.598131
-6.728972	-26.915888
-6.728972	-25.233645
-6.728972	-23.551402
-6.728972	-21.869159
-6.728972	-20.186916
-6.728972	-18.504673
-6.728972	-16.82243
-6.728972	-15.140187
-6.728972	-13.457944
-6.728972	-11.775701
-6.728972	-10.093458
-6.728972	-8.411215
-6.728972	-6.728972
-6.728972	-5.046729
-6.728972	-3.364486
-6.728972	-1.682243
-6.728972	0.0
-6.728972	1.682243
-6.728972	3.364486
-6.728972	5.046729
-6.728972	6.728972
-6.728972	8.411215
-6.728972	10.093458
-6.728972	11.775701
-6.728972	13.457944
-6.728972	15.140187
-6.728972	16.82243
-6.728972	18.504673
-6.728972	20.186916
-6.728972	21.869159
-6.728972	23.551402
-6.728972	25.233645
-6.728972	26.915888
-6.728972	28.598131
-6.728972	30.280374
-6.728972	31.962617
-6.728972	33.64486
-6.728972	35.327103
-6.728972	37.009346
-6.728972	38.691589
-6.728972	40.373832
-6.728972	42.056075
-6.728972	43.738318
-6.728972	45.420561
-6.728972	47.102804
-6.728972	48.785047
-6.728972	50.46729
-6.728972	52.149533
-6.728972	53.831776
-6.728972	55.514019
-6.728972	57.196262
-6.728972	58.878505
-6.728972	60.560748
-6.728972	62.242991
-6.728972	63.925234
-6.728972	65.607477
-6.728972	67.28972
-6.728972	68.971963
-6.728972	70.654206
-6.728972	72.336449
-6.728972	74.018692
-6.728972	75.700935
-6.728972	77.383178
-6.728972	79.065421
-6.728972	80.747664
-6.728972	82.429907
-6.728972	84.11215
-6.728972	85.794393
-6.728972	87.476636
-6.728972	89.158879
-6.728972	90.841121
-6.728972	92.523364
-6.728972	94.205607
-6.728972	95.88785
-6.728972	97.570093
-6.728972	99.252336
-6.728972	100.934579
-6.728972	102.616822
-6.728972	104.299065
-6.728972	105.981308
-6.728972	107.663551
-6.728972	109.345794
-6.728972	111.028037
-6.728972	112.71028
-6.728972	114.392523
-6.728972	116.074766
-6.728972	117.757009
-6.728972	119.439252
-6.728972	121.121495
-6.728972	122.803738
-6.728972	124.485981
-6.728972	126.168224
-6.728972	127.850467
-6.728972	129.53271
-6.728972	131.214953
-6.728972	132.897196
-6.728972	134.579439
-6.728972	136.261682
-6.728972	137.943925
-6.728972	139.626168
-6.728972	141.308411
-6.728972	142.990654
-6.728972	144.672897
-6.728972	146.35514
-6.728972	148.037383
-6.728972	149.719626
-6.728972	151.401869
-6.728972	153.084112
-6.728972	154.766355
-6.728972	156.448598
-6.728972	158.130841
-6.728972	159.813084
-6.728972	161.495327
-6.728972	163.17757
-6.728972	164.859813
-6.728972	166.542056
-6.728972	168.224299
-6.728972	169.906542
-6.728972	171.588785
-6.728972	173.271028
-6.728972	174.953271
-6.728972	176.635514
-6.728972	178.317757
-5.046729	-180.0
-5.046729	-178.325581
-5.046729	-176.651163
-5.046729	-174.976744
-5.046729	-173.302326
-5.046729	-171.627907
-5.046729	-169.953488
-5.046729	-168.27907
-5.046729	-166.604651
-5.046729	-164.930233
-5.046729	-163.255814
-5.046729	-161.581395
-5.046729	-159.906977
-5.046729	-158.232558
-5.046729	-156.55814
-5.046729	-154.883721
-5.046729	-153.209302
-5.046729	-151.534884
-5.046729	-149.860465
-5.046729	-148.186047
-5.046729	-146.511628
-5.046729	-144.837209
-5.046729	-143.162791
-5.046729	-141.488372
-5.046729	-139.813953
-5.046729	-138.139535
-5.046729	-136.465116
-5.046729	-134.790698
-5.046729	-133.116279
-5.046729	-131.44186
-5.046729	-129.767442
-5.046729	-128.093023
-5.046729	-126.418605
-5.046729	-124.744186
-5.046729	-123.069767
-5.046729	-121.395349
-5.046729	-119.72093
-5.046729	-118.046512
-5.046729	-116.372093
-5.046729	-114.697674
-5.046729	-113.023256
-5.046729	-111.348837
-5.046729	-109.674419
-5.046729	-108.0
-5.046729	-106.325581
-5.046729	-104.651163
-5.046729	-102.976744
-5.046729	-101.302326
-5.046729	-99.627907
-5.046729	-97.953488
-5.046729	-96.27907
-5.046729	-94.604651
-5.046729	-92.930233
-5.046729	-91.255814
-5.046729	-89.581395
-5.046729	-87.906977
-5.046729	-86.232558
-5.046729	-84.55814
-5.046729	-82.883721
-5.046729	-81.209302
-5.046729	-79.534884
-5.046729	-77.860465
-5.046729	-76.186047
-5.046729	-74.511628
-5.046729	-72.837209
-5.046729	-71.162791
-5.046729	-69.488372
-5.046729	-67.813953
-5.046729	-66.139535
-5.046729	-64.465116
-5.046729	-62.790698
-5.046729	-61.116279
-5.046729	-59.44186
-5.046729	-57.767442
-5.046729	-56.093023
-5.046729	-54.418605
-5.046729	-52.744186
-5.046729	-51.069767
-5.046729	-49.395349
-5.046729	-47.72093
-5.046729	-46.046512
-5.046729	-44.372093
-5.046729	-42.697674
-5.046729	-41.023256
-5.046729	-39.348837
-5.046729	-37.674419
-5.046729	-36.0
-5.046729	-34.325581
-5.046729	-32.651163
-5.046729	-30.976744
-5.046729	-29.302326
-5.046729	-27.627907
-5.046729	-25.953488
-5.046729	-24.27907
-5.046729	-22.604651
-5.046729	-20.930233
-5.046729	-19.255814
-5.046729	-17.581395
-5.046729	-15.906977
-5.046729	-14.232558
-5.046729	-12.55814
-5.046729	-10.883721
-5.046729	-9.209302
-5.046729	-7.534884
-5.046729	-5.860465
-5.046729	-4.186047
-5.046729	-2.511628
-5.046729	-0.837209
-5.046729	0.837209
-5.046729	2.511628
-5.046729	4.186047
-5.046729	5.860465
-5.046729	7.534884
-5.046729	9.209302
-5.046729	10.883721
-5.046729	12.55814
-5.046729	14.232558
-5.046729	15.906977
-5.046729	17.581395
-5.046729	19.255814
-5.046729	20.930233
-5.046729	22.604651
-5.046729	24.27907
-5.046729	25.953488
-5.046729	27.627907
-5.046729	29.302326
-5.046729	30.976744
-5.046729	32.651163
-5.046729	34.325581
-5.046729	36.0
-5.046729	37.674419
-5.046729	39.348837
-5.046729	41.023256
-5.046729	42.697674
-5.046729	44.372093
-5.046729	46.046512
-5.046729	47.72093
-5.046729	49.395349
-5.046729	51.069767
-5.046729	52.744186
-5.046729	54.418605
-5.046729	56.093023
-5.046729	57.767442
-5.046729	59.44186
-5.046729	61.116279
-5.046729	62.790698
-5.046729	64.465116
-5.046729	66.139535
-5.046729	67.813953
-5.046729	69.488372
-5.046729	71.162791
-5.046729	72.837209
-5.046729	74.511628
-5.046729	76.186047
-5.046729	77.860465
-5.046729	79.534884
-5.046729	81.209302
-5.046729	82.883721
-5.046729	84.55814
-5.046729	86.232558
-5.046729	87.906977
-5.046729	89.581395
-5.046729	91.255814
-5.046729	92.930233
-5.046729	94.604651
-5.046729	96.27907
-5.046729	97.953488
-5.046729	99.627907
-5.046729	101.302326
-5.046729	102.976744
-5.046729	104.651163
-5.046729	106.325581
-5.046729	108.0
-5.046729	109.674419
-5.046729	111.348837
-5.046729	113.023256
-5.046729	114.697674
-5.046729	116.372093
-5.046729	118.046512
-5.046729	119.72093
-5.046729	121.395349
-5.046729	123.069767
-5.046729	124.744186
-5.046729	126.418605
-5.046729	128.093023
-5.046729	129.767442
-5.046729	131.44186
-5.046729	133.116279
-5.046729	134.790698
-5.046729	136.465116
-5.046729	138.139535
-5.046729	139.813953
-5.046729	141.488372
-5.046729	143.162791
-5.046729	144.837209
-5.046729	146.511628
-5.046729	148.186047
-5.046729	149.860465
-5.046729	151.534884
-5.046729	153.209302
-5.046729	154.883721
-5.046729	156.55814
-5.046729	158.232558
-5.046729	159.906977
-5.046729	161.581395
-5.046729	163.255814
-5.046729	164.930233
-5.046729	166.604651
-5.046729	168.27907
-5.046729	169.953488
-5.046729	171.627907
-5.046729	173.302326
-5.046729	174.976744
-5.046729	176.651163
-5.046729	178.325581
-3.364486	-180.0
-3.364486	-178.333333
-3.364486	-176.666667
-3.364486	-175.0
-3.364486	-173.333333
-3.364486	-171.666667
-3.364486	-170.0
-3.364486	-168.333333
-3.364486	-166.666667
-3.364486	-165.0
-3.364486	-163.333333
-3.364486	-161.666667
-3.364486	-160.0
-3.364486	-158.333333
-3.364486	-156.666667
-3.364486	-155.0
-3.364486	-153.333333
-3.364486	-151.666667
-3.364486	-150.0
-3.364486	-148.333333
-3.364486	-146.666667
-3.364486	-145.0
-3.364486	-143.333333
-3.364486	-141.666667
-3.364486	-140.0
-3.364486	-138.333333
-3.364486	-136.666667
-3.364486	-135.0
-3.364486	-133.333333
-3.364486	-131.666667
-3.364486	-130.0
-3.364486	-128.333333
-3.364486	-126.666667
-3.364486	-125.0
-3.364486	-123.333333
-3.364486	-121.666667
-3.364486	-120.0
-3.364486	-118.333333
-3.364486	-116.666667
-3.364486	-115.0
-3.364486	-113.333333
-3.364486	-111.666667
-3.364486	-110.0
-3.364486	-108.333333
-3.364486	-106.666667
-3.364486	-105.0
-3.364486	-103.333333
-3.364486	-101.666667
-3.364486	-100.0
-3.364486	-98.333333
-3.364486	-96.666667
-3.364486	-95.0
-3.364486	-93.333333
-3.364486	-91.666667
-3.364486	-90.0
-3.364486	-88.333333
-3.364486	-86.666667
-3.364486	-85.0
-3.364486	-83.333333
-3.364486	-81.666667
-3.364486	-80.0
-3.364486	-78.333333
-3.364486	-76.666667
-3.364486	-75.0
-3.364486	-73.333333
-3.364486	-71.666667
-3.364486	-70.0
-3.364486	-68.333333
-3.364486	-66.666667
-3.364486	-65.0
-3.364486	-63.333333
-3.364486	-61.666667
-3.364486	-60.0
-3.364486	-58.333333
-3.364486	-56.666667
-3.364486	-55.0
-3.364486	-53.333333
-3.364486	-51.666667
-3.364486	-50.0
-3.364486	-48.333333
-3.364486	-46.666667
-3.364486	-45.0
-3.364486	-43.333333
-3.364486	-41.666667
-3.364486	-40.0
-3.364486	-38.333333
-3.364486	-36.666667
-3.364486	-35.0
-3.364486	-33.333333
-3.364486	-31.666667
-3.364486	-30.0
-3.364486	-28.333333
-3.364486	-26.666667
-3.364486	-25.0
-3.364486	-23.333333
-3.364486	-21.666667
-3.364486	-20.0
-3.364486	-18.333333
-3.364486	-16.666667
-3.364486	-15.0
-3.364486	-13.333333
-3.364486	-11.666667
-3.364486	-10.0
-3.364486	-8.333333
-3.364486	-6.666667
-3.364486	-5.0
-3.364486	-3.333333
-3.364486	-1.666667
-3.364486	0.0
-3.364486	1.666667
-3.364486	3.333333
-3.364486	5.0
-3.364486	6.666667
-3.364486	8.333333
-3.364486	10.0
-3.364486	11.666667
-3.364486	13.333333
-3.364486	15.0
-3.364486	16.666667
-3.364486	18.333333
-3.364486	20.0
-3.364486	21.666667
-3.364486	23.333333
-3.364486	25.0
-3.364486	26.666667
-3.364486	28.333333
-3.364486	30.0
-3.364486	31.666667
-3.364486	33.333333
-3.364486	35.0
-3.364486	36.666667
-3.364486	38.333333
-3.364486	40.0
-3.364486	41.666667
-3.364486	43.333333
-3.364486	45.0
-3.364486	46.666667
-3.364486	48.333333
-3.364486	50.0
-3.364486	51.666667
-3.364486	53.333333
-3.364486	55.0
-3.364486	56.666667
-3.364486	58.333333
-3.364486	60.0
-3.364486	61.666667
-3.364486	63.333333
-3.364486	65.0
-3.364486	66.666667
-3.364486	68.333333
-3.364486	70.0
-3.364486	71.666667
-3.364486	73.333333
-3.364486	75.0
-3.364486	76.666667
-3.364486	78.333333
-3.364486	80.0
-3.364486	81.666667
-3.364486	83.333333
-3.364486	85.0
-3.364486	86.666667
-3.364486	88.333333
-3.364486	90.0
-3.364486	91.666667
-3.364486	93.333333
-3.364486	95.0
-3.364486	96.666667
-3.364486	98.333333
-3.364486	100.0
-3.364486	101.666667
-3.364486	103.333333
-3.364486	105.0
-3.364486	106.666667
-3.364486	108.333333
-3.364486	110.0
-3.364486	111.666667
-3.364486	113.333333
-3.364486	115.0
-3.364486	116.666667
-3.364486	118.333333
-3.364486	120.0
-3.364486	121.666667
-3.364486	123.333333
-3.364486	125.0
-3.364486	126.666667
-3.364486	128.333333
-3.364486	130.0
-3.364486	131.666667
-3.364486	133.333333
-3.364486	135.0
-3.364486	136.666667
-3.364486	138.333333
-3.364486	140.0
-3.364486	141.666667
-3.364486	143.333333
-3.364486	145.0
-3.364486	146.666667
-3.364486	148.333333
-3.364486	150.0
-3.364486	151.666667
-3.364486	153.333333
-3.364486	155.0
-3.364486	156.666667
-3.364486	158.333333
-3.364486	160.0
-3.364486	161.666667
-3.364486	163.333333
-3.364486	165.0
-3.364486	166.666667
-3.364486	168.333333
-3.364486	170.0
-3.364486	171.666667
-3.364486	173.333333
-3.364486	175.0
-3.364486	176.666667
-3.364486	178.333333
-1.682243	-180.0
-1.682243	-178.333333
-1.682243	-176.666667
-1.682243	-175.0
-1.682243	-173.333333
-1.682243	-171.666667
-1.682243	-170.0
-1.682243	-168.333333
-1.682243	-166.666667
-1.682243	-165.0
-1.682243	-163.333333
-1.682243	-161.666667
-1.682243	-160.0
-1.682243	-158.333333
-1.682243	-156.666667
-1.682243	-155.0
-1.682243	-153.333333
-1.682243	-151.666667
-1.682243	-150.0
-1.682243	-148.333333
-1.682243	-146.666667
-1.682243	-145.0
-1.682243	-143.333333
-1.682243	-141.666667
-1.682243	-140.0
-1.682243	-138.333333
-1.682243	-136.666667
-1.682243	-135.0
-1.682243	-133.333333
-1.682243	-131.666667
-1.682243	-130.0
-1.682243	-128.333333
-1.682243	-126.666667
-1.682243	-125.0
-1.682243	-123.333333
-1.682243	-121.666667
-1.682243	-120.0
-1.682243	-118.333333
-1.682243	-116.666667
-1.682243	-115.0
-1.682243	-113.333333
-1.682243	-111.666667
-1.682243	-110.0
-1.682243	-108.333333
-1.682243	-106.666667
-1.682243	-105.0
-1.682243	-103.333333
-1.682243	-101.666667
-1.682243	-100.0
-1.682243	-98.333333
-1.682243	-96.666667
-1.682243	-95.0
-1.682243	-93.333333
-1.682243	-91.666667
-1.682243	-90.0
-1.682243	-88.333333
-1.682243	-86.666667
-1.682243	-85.0
-1.682243	-83.333333
-1.682243	-81.666667
-1.682243	-80.0
-1.682243	-78.333333
-1.682243	-76.666667
-1.682243	-75.0
-1.682243	-73.333333
-1.682243	-71.666667
-1.682243	-70.0
-1.682243	-68.333333
-1.682243	-66.666667
-1.682243	-65.0
-1.682243	-63.333333
-1.682243	-61.666667
-1.682243	-60.0
-1.682243	-58.333333
-1.682243	-56.666667
-1.682243	-55.0
-1.682243	-53.333333
-1.682243	-51.666667
-1.682243	-50.0
-1.682243	-48.333333
-1.682243	-46.666667
-1.682243	-45.0
-1.682243	-43.333333
-1.682243	-41.666667
-1.682243	-40.0
-1.682243	-38.333333
-1.682243	-36.666667
-1.682243	-35.0
-1.682243	-33.333333
-1.682243	-31.666667
-1.682243	-30.0
-1.682243	-28.333333
-1.682243	-26.666667
-1.682243	-25.0
-1.682243	-23.333333
-1.682243	-21.666667
-1.682243	-20.0
-1.682243	-18.333333
-1.682243	-16.666667
-1.682243	-15.0
-1.682243	-13.333333
-1.682243	-11.666667
-1.682243	-10.0
-1.682243	-8.333333
-1.682243	-6.666667
-1.682243	-5.0
-1.682243	-3.333333
-1.682243	-1.666667
-1.682243	0.0
-1.682243	1.666667
-1.682243	3.333333
-1.682243	5.0
-1.682243	6.666667
-1.682243	8.333333
-1.682243	10.0
-1.682243	11.666667
-1.682243	13.333333
-1.682243	15.0
-1.682243	16.666667
-1.682243	18.333333
-1.682243	20.0
-1.682243	21.666667
-1.682243	23.333333
-1.682243	25.0
-1.682243	26.666667
-1.682243	28.333333
-1.682243	30.0
-1.682243	31.666667
-1.682243	33.333333
-1.682243	35.0
-1.682243	36.666667
-1.682243	38.333333
-1.682243	40.0
-1.682243	41.666667
-1.682243	43.333333
-1.682243	45.0
-1.682243	46.666667
-1.682243	48.333333
-1.682243	50.0
-1.682243	51.666667
-1.682243	53.333333
-1.682243	55.0
-1.682243	56.666667
-1.682243	58.333333
-1.682243	60.0
-1.682243	61.666667
-1.682243	63.333333
-1.682243	65.0
-1.682243	66.666667
-1.682243	68.333333
-1.682243	70.0
-1.682243	71.666667
-1.682243	73.333333
-1.682243	75.0
-1.682243	76.666667
-1.682243	78.333333
-1.682243	80.0
-1.682243	81.666667
-1.682243	83.333333
-1.682243	85.0
-1.682243	86.666667
-1.682243	88.333333
-1.682243	90.0
-1.682243	91.666667
-1.682243	93.333333
-1.682243	95.0
-1.682243	96.666667
-1.682243	98.333333
-1.682243	100.0
-1.682243	101.666667
-1.682243	103.333333
-1.682243	105.0
-1.682243	106.666667
-1.682243	108.333333
-1.682243	110.0
-1.682243	111.666667
-1.682243	113.333333
-1.682243	115.0
-1.682243	116.666667
-1.682243	118.333333
-1.682243	120.0
-1.682243	121.666667
-1.682243	123.333333
-1.682243	125.0
-1.682243	126.666667
-1.682243	128.333333
-1.682243	130.0
-1.682243	131.666667
-1.682243	133.333333
-1.682243	135.0
-1.682243	136.666667
-1.682243	138.333333
-1.682243	140.0
-1.682243	141.666667
-1.682243	143.333333
-1.682243	145.0
-1.682243	146.666667
-1.682243	148.333333
-1.682243	150.0
-1.682243	151.666667
-1.682243	153.333333
-1.682243	155.0
-1.682243	156.666667
-1.682243	158.333333
-1.682243	160.0
-1.682243	161.666667
-1.682243	163.333333
-1.682243	165.0
-1.682243	166.666667
-1.682243	168.333333
-1.682243	170.0
-1.682243	171.666667
-1.682243	173.333333
-1.682243	175.0
-1.682243	176.666667
-1.682243	178.333333
0.0	-180.0
0.0	-178.333333
0.0	-176.666667
0.0	-175.0
0.0	-173.333333
0.0	-171.666667
0.0	-170.0
0.0	-168.333333
0.0	-166.666667
0.0	-165.0
0.0	-163.333333
0.0	-161.666667
0.0	-160.0
0.0	-158.333333
0.0	-156.666667
0.0	-155.0
0.0	-153.333333
0.0	-151.666667
0.0	-150.0
0.0	-148.333333
0.0	-146.666667
0.0	-145.0
0.0	-143.333333
0.0	-141.666667
0.0	-140.0
0.0	-138.333333
0.0	-136.666667
0.0	-135.0
0.0	-133.333333
0.0	-131.666667
0.0	-130.0
0.0	-128.333333
0.0	-126.666667
0.0	-125.0
0.0	-123.333333
0.0	-121.666667
0.0	-120.0
0.0	-118.333333
0.0	-116.666667
0.0	-115.0
0.0	-113.333333
0.0	-111.666667
0.0	-110.0
0.0	-108.333333
0.0	-106.666667
0.0	-105.0
0.0	-103.333333
0.0	-101.666667
0.0	-100.0
0.0	-98.333333
0.0	-96.666667
0.0	-95.0
0.0	-93.333333
0.0	-91.666667
0.0	-90.0
0.0	-88.333333
0.0	-86.666667
0.0	-85.0
0.0	-83.333333
0.0	-81.666667
0.0	-80.0
0.0	-78.333333
0.0	-76.666667
0.0	-75.0
0.0	-73.333333
0.0	-71.666667
0.0	-70.0
0.0	-68.333333
0.0	-66.666667
0.0	-65.0
0.0	-63.333333
0.0	-61.666667
0.0	-60.0
0.0	-58.333333
0.0	-56.666667
0.0	-55.0
0.0	-53.333333
0.0	-51.666667
0.0	-50.0
0.0	-48.333333
0.0	-46.666667
0.0	-45.0
0.0	-43.333333
0.0	-41.666667
0.0	-40.0
0.0	-38.333333
0.0	-36.666667
0.0	-35.0
0.0	-33.333333
0.0	-31.666667
0.0	-30.0
0.0	-28.333333
0.0	-26.666667
0.0	-25.0
0.0	-23.333333
0.0	-21.666667
0.0	-20.0
0.0	-18.333333
0.0	-16.666667
0.0	-15.0
0.0	-13.333333
0.0	-11.666667
0.0	-10.0
0.0	-8.333333
0.0	-6.666667
0.0	-5.0
0.0	-3.333333
0.0	-1.666667
0.0	0.0
0.0	1.666667
0.0	3.333333
0.0	5.0
0.0	6.666667
0.0	8.333333
0.0	10.0
0.0	11.666667
0.0	13.333333
0.0	15.0
0.0	16.666667
0.0	18.333333
0.0	20.0
0.0	21.666667
0.0	23.333333
0.0	25.0
0.0	26.666667
0.0	28.333333
0.0	30.0
0.0	31.666667
0.0	33.333333
0.0	35.0
0.0	36.666667
0.0	38.333333
0.0	40.0
0.0	41.666667
0.0	43.333333
0.0	45.0
0.0	46.666667
0.0	48.333333
0.0	50.0
0.0	51.666667
0.0	53.333333
0.0	55.0
0.0	56.666667
0.0	58.333333
0.0	60.0
0.0	61.666667
0.0	63.333333
0.0	65.0
0.0	66.666667
0.0	68.333333
0.0	70.0
0.0	71.666667
0.0	73.333333
0.0	75.0
0.0	76.666667
0.0	78.333333
0.0	80.0
0.0	81.666667
0.0	83.333333
0.0	85.0
0.0	86.666667
0.0	88.333333
0.0	90.0
0.0	91.666667
0.0	93.333333
0.0	95.0
0.0	96.666667
0.0	98.333333
0.0	100.0
0.0	101.666667
0.0	103.333333
0.0	105.0
0.0	106.666667
0.0	108.333333
0.0	110.0
0.0	111.666667
0.0	113.333333
0.0	115.0
0.0	116.666667
0.0	118.333333
0.0	120.0
0.0	121.666667
0.0	123.333333
0.0	125.0
0.0	126.666667
0.0	128.333333
0.0	130.0
0.0	131.666667
0.0	133.333333
0.0	135.0
0.0	136.666667
0.0	138.333333
0.0	140.0
0.0	141.666667
0.0	143.333333
0.0	145.0
0.0	146.666667
0.0	148.333333
0.0	150.0
0.0	151.666667
0.0	153.333333
0.0	155.0
0.0	156.666667
0.0	158.333333
0.0	160.0
0.0	161.666667
0.0	163.333333
0.0	165.0
0.0	166.666667
0.0	168.333333
0.0	170.0
0.0	171.666667
0.0	173.333333
0.0	175.0
0.0	176.666667
0.0	178.333333
1.682243	-180.0
1.682243	-178.333333
1.682243	-176.666667
1.682243	-175.0
1.682243	-173.333333
1.682243	-171.666667
1.682243	-170.0
1.682243	-168.333333
1.682243	-166.666667
1.682243	-165.0
1.682243	-163.333333
1.682243	-161.666667
1.682243	-160.0
1.682243	-158.333333
1.682243	-156.666667
1.682243	-155.0
1.682243	-153.333333
1.682243	-151.666667
1.682243	-150.0
1.682243	-148.333333
1.682243	-146.666667
1.682243	-145.0
1.682243	-143.333333
1.682243	-141.666667
1.682243	-140.0
1.682243	-138.333333
1.682243	-136.666667
1.682243	-135.0
1.682243	-133.333333
1.682243	-131.666667
1.682243	-130.0
1.682243	-128.333333
1.682243	-126.666667
1.682243	-125.0
1.682243	-123.333333
1.682243	-121.666667
1.682243	-120.0
1.682243	-118.333333
1.682243	-116.666667
1.682243	-115.0
1.682243	-113.333333
1.682243	-111.666667
1.682243	-110.0
1.682243	-108.333333
1.682243	-106.666667
1.682243	-105.0
1.682243	-103.333333
1.682243	-101.666667
1.682243	-100.0
1.682243	-98.333333
1.682243	-96.666667
1.682243	-95.0
1.682243	-93.333333
1.682243	-91.666667
1.682243	-90.0
1.682243	-88.333333
1.682243	-86.666667
1.682243	-85.0
1.682243	-83.333333
1.682243	-81.666667
1.682243	-80.0
1.682243	-78.333333
1.682243	-76.666667
1.682243	-75.0
1.682243	-73.333333
1.682243	-71.666667
1.682243	-70.0
1.682243	-68.333333
1.682243	-66.666667
1.682243	-65.0
1.682243	-63.333333
1.682243	-61.666667
1.682243	-60.0
1.682243	-58.333333
1.682243	-56.666667
1.682243	-55.0
1.682243	-53.333333
1.682243	-51.666667
1.682243	-50.0
1.682243	-48.333333
1.682243	-46.666667
1.682243	-45.0
1.682243	-43.333333
1.682243	-41.666667
1.682243	-40.0
1.682243	-38.333333
1.682243	-36.666667
1.682243	-35.0
1.682243	-33.333333
1.682243	-31.666667
1.682243	-30.0
1.682243	-28.333333
1.682243	-26.666667
1.682243	-25.0
1.682243	-23.333333
1.682243	-21.666667
1.682243	-20.0
1.682243	-18.333333
1.682243	-16.666667
1.682243	-15.0
1.682243	-13.333333
1.682243	-11.666667
1.682243	-10.0
1.682243	-8.333333
1.682243	-6.666667
1.682243	-5.0
1.682243	-3.333333
1.682243	-1.666667
1.682243	0.0
1.682243	1.666667
1.682243	3.333333
1.682243	5.0
1.682243	6.666667
1.682243	8.333333
1.682243	10.0
1.682243	11.666667
1.682243	13.333333
1.682243	15.0
1.682243	16.666667
1.682243	18.333333
1.682243	20.0
1.682243	21.666667
1.682243	23.333333
1.682243	25.0
1.682243	26.666667
1.682243	28.333333
1.682243	30.0
1.682243	31.666667
1.682243	33.333333
1.682243	35.0
1.682243	36.666667
1.682243	38.333333
1.682243	40.0
1.682243	41.666667
1.682243	43.333333
1.682243	45.0
1.682243	46.666667
1.682243	48.333333
1.682243	50.0
1.682243	51.666667
1.682243	53.333333
1.682243	55.0
1.682243	56.666667
1.682243	58.333333
1.682243	60.0
1.682243	61.666667
1.682243	63.333333
1.682243	65.0
1.682243	66.666667
1.682243	68.333333
1.682243	70.0
1.682243	71.666667
1.682243	73.333333
1.682243	75.0
1.682243	76.666667
1.682243	78.333333
1.682243	80.0
1.682243	81.666667
1.682243	83.333333
1.682243	85.0
1.682243	86.666667
1.682243	88.333333
1.682243	90.0
1.682243	91.666667
1.682243	93.333333
1.682243	95.0
1.682243	96.666667
1.682243	98.333333
1.682243	100.0
1.682243	101.666667
1.682243	103.333333
1.682243	105.0
1.682243	106.666667
1.682243	108.333333
1.682243	110.0
1.682243	111.666667
1.682243	113.333333
1.682243	115.0
1.682243	116.666667
1.682243	118.333333
1.682243	120.0
1.682243	121.666667
1.682243	123.333333
1.682243	125.0
1.682243	126.666667
1.682243	128.333333
1.682243	130.0
1.682243	131.666667
1.682243	133.333333
1.682243	135.0
1.682243	136.666667
1.682243	138.333333
1.682243	140.0
1.682243	141.666667
1.682243	143.333333
1.682243	145.0
1.682243	146.666667
1.682243	148.333333
1.682243	150.0
1.682243	151.666667
1.682243	153.333333
1.682243	155.0
1.682243	156.666667
1.682243	158.333333
1.682243	160.0
1.682243	161.666667
1.682243	163.333333
1.682243	165.0
1.682243	166.666667
1.682243	168.333333
1.682243	170.0
1.682243	171.666667
1.682243	173.333333
1.682243	175.0
1.682243	176.666667
1.682243	178.333333
3.364486	-180.0
3.364486	-178.333333
3.364486	-176.666667
3.364486	-175.0
3.364486	-173.333333
3.364486	-171.666667
3.364486	-170.0
3.364486	-168.333333
3.364486	-166.666667
3.364486	-165.0
3.364486	-163.333333
3.364486	-161.666667
3.364486	-160.0
3.364486	-158.333333
3.364486	-156.666667
3.364486	-155.0
3.364486	-153.333333
3.364486	-151.666667
3.364486	-150.0
3.364486	-148.333333
3.364486	-146.666667
3.364486	-145.0
3.364486	-143.333333
3.364486	-141.666667
3.364486	-140.0
3.364486	-138.333333
3.364486	-136.666667
3.364486	-135.0
3.364486	-133.333333
3.364486	-131.666667
3.364486	-130.0
3.364486	-128.333333
3.364486	-126.666667
3.364486	-125.0
3.364486	-123.333333
3.364486	-121.666667
3.364486	-120.0
3.364486	-118.333333
3.364486	-116.666667
3.364486	-115.0
3.364486	-113.333333
3.364486	-111.666667
3.364486	-110.0
3.364486	-108.333333
3.364486	-106.666667
3.364486	-105.0
3.364486	-103.333333
3.364486	-101.666667
3.364486	-100.0
3.364486	-98.333333
3.364486	-96.666667
3.364486	-95.0
3.364486	-93.333333
3.364486	-91.666667
3.364486	-90.0
3.364486	-88.333333
3.364486	-86.666667
3.364486	-85.0
3.364486	-83.333333
3.364486	-81.666667
3.364486	-80.0
3.364486	-78.333333
3.364486	-76.666667
3.364486	-75.0
3.364486	-73.333333
3.364486	-71.666667
3.364486	-70.0
3.364486	-68.333333
3.364486	-66.666667
3.364486	-65.0
3.364486	-63.333333
3.364486	-61.666667
3.364486	-60.0
3.364486	-58.333333
3.364486	-56.666667
3.364486	-55.0
3.364486	-53.333333
3.364486	-51.666667
3.364486	-50.0
3.364486	-48.333333
3.364486	-46.666667
3.364486	-45.0
3.364486	-43.333333
3.364486	-41.666667
3.364486	-40.0
3.364486	-38.333333
3.364486	-36.666667
3.364486	-35.0
3.364486	-33.333333
3.364486	-31.666667
3.364486	-30.0
3.364486	-28.333333
3.364486	-26.666667
3.364486	-25.0
3.364486	-23.333333
3.364486	-21.666667
3.364486	-20.0
3.364486	-18.333333
3.364486	-16.666667
3.364486	-15.0
3.364486	-13.333333
3.364486	-11.666667
3.364486	-10.0
3.364486	-8.333333
3.364486	-6.666667
3.364486	-5.0
3.364486	-3.333333
3.364486	-1.666667
3.364486	0.0
3.364486	1.666667
3.364486	3.333333
3.364486	5.0
3.364486	6.666667
3.364486	8.333333
3.364486	10.0
3.364486	11.666667
3.364486	13.333333
3.364486	15.0
3.364486	16.666667
3.364486	18.333333
3.364486	20.0
3.364486	21.666667
3.364486	23.333333
3.364486	25.0
3.364486	26.666667
3.364486	28.333333
3.364486	30.0
3.364486	31.666667
3.364486	33.333333
3.364486	35.0
3.364486	36.666667
3.364486	38.333333
3.364486	40.0
3.364486	41.666667
3.364486	43.333333
3.364486	45.0
3.364486	46.666667
3.364486	48.333333
3.364486	50.0
3.364486	51.666667
3.364486	53.333333
3.364486	55.0
3.364486	56.666667
3.364486	58.333333
3.364486	60.0
3.364486	61.666667
3.364486	63.333333
3.364486	65.0
3.364486	66.666667
3.364486	68.333333
3.364486	70.0
3.364486	71.666667
3.364486	73.333333
3.364486	75.0
3.364486	76.666667
3.364486	78.333333
3.364486	80.0
3.364486	81.666667
3.364486	83.333333
3.364486	85.0
3.364486	86.666667
3.364486	88.333333
3.364486	90.0
3.364486	91.666667
3.364486	93.333333
3.364486	95.0
3.364486	96.666667
3.364486	98.333333
3.364486	100.0
3.364486	101.666667
3.364486	103.333333
3.364486	105.0
3.364486	106.666667
3.364486	108.333333
3.364486	110.0
3.364486	111.666667
3.364486	113.333333
3.364486	115.0
3.364486	116.666667
3.364486	118.333333
3.364486	120.0
3.364486	121.666667
3.364486	123.333333
3.364486	125.0
3.364486	126.666667
3.364486	128.333333
3.364486	130.0
3.364486	131.666667
3.364486	133.333333
3.364486	135.0
3.364486	136.666667
3.364486	138.333333
3.364486	140.0
3.364486	141.666667
3.364486	143.333333
3.364486	145.0
3.364486	146.666667
3.364486	148.333333
3.364486	150.0
3.364486	151.666667
3.364486	153.333333
3.364486	155.0
3.364486	156.666667
3.364486	158.333333
3.364486	160.0
3.364486	161.666667
3.364486	163.333333
3.364486	165.0
3.364486	166.666667
3.364486	168.333333
3.364486	170.0
3.364486	171.666667
3.364486	173.333333
3.364486	175.0
3.364486	176.666667
3.364486	178.333333
5.046729	-180.0
5.046729	-178.325581
5.046729	-176.651163
5.046729	-174.976744
5.046729	-173.302326
5.046729	-171.627907
5.046729	-169.953488
5.046729	-168.27907
5.046729	-166.604651
5.046729	-164.930233
5.046729	-163.255814
5.046729	-161.581395
5.046729	-159.906977
5.046729	-158.232558
5.046729	-156.55814
5.046729	-154.883721
5.046729	-153.209302
5.046729	-151.534884
5.046729	-149.860465
5.046729	-148.186047
5.046729	-146.511628
5.046729	-144.837209
5.046729	-143.162791
5.046729	-141.488372
5.046729	-139.813953
5.046729	-138.139535
5.046729	-136.465116
5.046729	-134.790698
5.046729	-133.116279
5.046729	-131.44186
5.046729	-129.767442
5.046729	-128.093023
5.046729	-126.418605
5.046729	-124.744186
5.046729	-123.069767
5.046729	-121.395349
5.046729	-119.72093
5.046729	-118.046512
5.046729	-116.372093
5.046729	-114.697674
5.046729	-113.023256
5.046729	-111.348837
5.046729	-109.674419
5.046729	-108.0
5.046729	-106.325581
5.046729	-104.651163
5.046729	-102.976744
5.046729	-101.302326
5.046729	-99.627907
5.046729	-97.953488
5.046729	-96.27907
5.046729	-94.604651
5.046729	-92.930233
5.046729	-91.255814
5.046729	-89.581395
5.046729	-87.906977
5.046729	-86.232558
5.046729	-84.55814
5.046729	-82.883721
5.046729	-81.209302
5.046729	-79.534884
5.046729	-77.860465
5.046729	-76.186047
5.046729	-74.511628
5.046729	-72.837209
5.046729	-71.162791
5.046729	-69.488372
5.046729	-67.813953
5.046729	-66.139535
5.046729	-64.465116
5.046729	-62.790698
5.046729	-61.116279
5.046729	-59.44186
5.046729	-57.767442
5.046729	-56.093023
5.046729	-54.418605
5.046729	-52.744186
5.046729	-51.069767
5.046729	-49.395349
5.046729	-47.72093
5.046729	-46.046512
5.046729	-44.372093
5.046729	-42.697674
5.046729	-41.023256
5.046729	-39.348837
5.046729	-37.674419
5.046729	-36.0
5.046729	-34.325581
5.046729	-32.651163
5.046729	-30.976744
5.046729	-29.302326
5.046729	-27.627907
5.046729	-25.953488
5.046729	-24.27907
5.046729	-22.604651
5.046729	-20.930233
5.046729	-19.255814
5.046729	-17.581395
5.046729	-15.906977
5.046729	-14.232558
5.046729	-12.55814
5.046729	-10.883721
5.046729	-9.209302
5.046729	-7.534884
5.046729	-5.860465
5.046729	-4.186047
5.046729	-2.511628
5.046729	-0.837209
5.046729	0.837209
5.046729	2.511628
5.046729	4.186047
5.046729	5.860465
5.046729	7.534884
5.046729	9.209302
5.046729	10.883721
5.046729	12.55814
5.046729	14.232558
5.046729	15.906977
5.046729	17.581395
5.046729	19.255814
5.046729	20.930233
5.046729	22.604651
5.046729	24.27907
5.046729	25.953488
5.046729	27.627907
5.046729	29.302326
5.046729	30.976744
5.046729	32.651163
5.046729	34.325581
5.046729	36.0
5.046729	37.674419
5.046729	39.348837
5.046729	41.023256
5.046729	42.697674
5.046729	44.372093
5.046729	46.046512
5.046729	47.72093
5.046729	49.395349
5.046729	51.069767
5.046729	52.744186
5.046729	54.418605
5.046729	56.093023
5.046729	57.767442
5.046729	59.44186
5.046729	61.116279
5.046729	62.790698
5.046729	64.465116
5.046729	66.139535
5.046729	67.813953
5.046729	69.488372
5.046729	71.162791
5.046729	72.837209
5.046729	74.511628
5.046729	76.186047
5.046729	77.860465
5.046729	79.534884
5.046729	81.209302
5.046729	82.883721
5.046729	84.55814
5.046729	86.232558
5.046729	87.906977
5.046729	89.581395
5.046729	91.255814
5.046729	92.930233
5.046729	94.604651
5.046729	96.27907
5.046729	97.953488
5.046729	99.627907
5.046729	101.302326
5.046729	102.976744
5.046729	104.651163
5.046729	106.325581
5.046729	108.0
5.046729	109.674419
5.046729	111.348837
5.046729	113.023256
5.046729	114.697674
5.046729	116.372093
5.046729	118.046512
5.046729	119.72093
5.046729	121.395349
5.046729	123.069767
5.046729	124.744186
5.046729	126.418605
5.046729	128.093023
5.046729	129.767442
5.046729	131.44186
5.046729	133.116279
5.046729	134.790698
5.046729	136.465116
5.046729	138.139535
5.046729	139.813953
5.046729	141.488372
5.046729	143.162791
5.046729	144.837209
5.046729	146.511628
5.046729	148.186047
5.046729	149.860465
5.046729	151.534884
5.046729	153.209302
5.046729	154.883721
5.046729	156.55814
5.046729	158.232558
5.046729	159.906977
5.046729	161.581395
5.046729	163.255814
5.046729	164.930233
5.046729	166.604651
5.046729	168.27907
5.046729	169.953488
5.046729	171.627907
5.046729	173.302326
5.046729	174.976744
5.046729	176.651163
5.046729	178.325581
6.728972	-180.0
6.728972	-178.317757
6.728972	-176.635514
6.728972	-174.953271
6.728972	-173.271028
6.728972	-171.588785
6.728972	-169.906542
6.728972	-168.224299
6.728972	-166.542056
6.728972	-164.859813
6.728972	-163.17757
6.728972	-161.495327
6.728972	-159.813084
6.728972	-158.130841
6.728972	-156.448598
6.728972	-154.766355
6.728972	-153.084112
6.728972	-151.401869
6.728972	-149.719626
6.728972	-148.037383
6.728972	-146.35514
6.728972	-144.672897
6.728972	-142.990654
6.728972	-141.308411
6.728972	-139.626168
6.728972	-137.943925
6.728972	-136.261682
6.728972	-134.579439
6.728972	-132.897196
6.728972	-131.214953
6.728972	-129.53271
6.728972	-127.850467
6.728972	-126.168224
6.728972	-124.485981
6.728972	-122.803738
6.728972	-121.121495
6.728972	-119.439252
6.728972	-117.757009
6.728972	-116.074766
6.728972	-114.392523
6.728972	-112.71028
6.728972	-111.028037
6.728972	-109.345794
6.728972	-107.663551
6.728972	-105.981308
6.728972	-104.299065
6.728972	-102.616822
6.728972	-100.934579
6.728972	-99.252336
6.728972	-97.570093
6.728972	-95.88785
6.728972	-94.205607
6.728972	-92.523364
6.728972	-90.841121
6.728972	-89.158879
6.728972	-87.476636
6.728972	-85.794393
6.728972	-84.11215
6.728972	-82.429907
6.728972	-80.747664
6.728972	-79.065421
6.728972	-77.383178
6.728972	-75.700935
6.728972	-74.018692
6.728972	-72.336449
6.728972	-70.654206
6.728972	-68.971963
6.728972	-67.28972
6.728972	-65.607477
6.728972	-63.925234
6.728972	-62.242991
6.728972	-60.560748
6.728972	-58.878505
6.728972	-57.196262
6.728972	-55.514019
6.728972	-53.831776
6.728972	-52.149533
6.728972	-50.46729
6.728972	-48.785047
6.728972	-47.102804
6.728972	-45.420561
6.728972	-43.738318
6.728972	-42.056075
6.728972	-40.373832
6.728972	-38.691589
6.728972	-37.009346
6.728972	-35.327103
6.728972	-33.64486
6.728972	-31.962617
6.728972	-30.280374
6.728972	-28.598131
6.728972	-26.915888
6.728972	-25.233645
6.728972	-23.551402
6.728972	-21.869159
6.728972	-20.186916
6.728972	-18.504673
6.728972	-16.82243
6.728972	-15.140187
6.728972	-13.457944
6.728972	-11.775701
6.728972	-10.093458
6.728972	-8.411215
6.728972	-6.728972
6.728972	-5.046729
6.728972	-3.364486
6.728972	-1.682243
6.728972	0.0
6.728972	1.682243
6.728972	3.364486
6.728972	5.046729
6.728972	6.728972
6.728972	8.411215
6.728972	10.093458
6.728972	11.775701
6.728972	13.457944
6.728972	15.140187
6.728972	16.82243
6.728972	18.504673
6.728972	20.186916
6.728972	21.869159
6.728972	23.551402
6.728972	25.233645
6.728972	26.915888
6.728972	28.598131
6.728972	30.280374
6.728972	31.962617
6.728972	33.64486
6.728972	35.327103
6.728972	37.009346
6.728972	38.691589
6.728972	40.373832
6.728972	42.056075
6.728972	43.738318
6.728972	45.420561
6.728972	47.102804
6.728972	48.785047
6.728972	50.46729
6.728972	52.149533
6.728972	53.831776
6.728972	55.514019
6.728972	57.196262
6.728972	58.878505
6.728972	60.560748
6.728972	62.242991
6.728972	63.925234
6.728972	65.607477
6.728972	67.28972
6.728972	68.971963
6.728972	70.654206
6.728972	72.336449
6.728972	74.018692
6.728972	75.700935
6.728972	77.383178
6.728972	79.065421
6.728972	80.747664
6.728972	82.429907
6.728972	84.11215
6.728972	85.794393
6.728972	87.476636
6.728972	89.158879
6.728972	90.841121
6.728972	92.523364
6.728972	94.205607
6.728972	95.88785
6.728972	97.570093
6.728972	99.252336
6.728972	100.934579
6.728972	102.616822
6.728972	104.299065
6.728972	105.981308
6.728972	107.663551
6.728972	109.345794
6.728972	111.028037
6.728972	112.71028
6.728972	114.392523
6.728972	116.074766
6.728972	117.757009
6.728972	119.439252
6.728972	121.121495
6.728972	122.803738
6.728972	124.485981
6.728972	126.168224
6.728972	127.850467
6.728972	129.53271
6.728972	131.214953
6.728972	132.897196
6.728972	134.579439
6.728972	136.261682
6.728972	137.943925
6.728972	139.626168
6.728972	141.308411
6.728972	142.990654
6.728972	144.672897
6.728972	146.35514
6.728972	148.037383
6.728972	149.719626
6.728972	151.401869
6.728972	153.084112
6.728972	154.766355
6.728972	156.448598
6.728972	158.130841
6.728972	159.813084
6.728972	161.495327
6.728972	163.17757
6.728972	164.859813
6.728972	166.542056
6.728972	168.224299
6.728972	169.906542
6.728972	171.588785
6.728972	173.271028
6.728972	174.953271
6.728972	176.635514
6.728972	178.317757
8.411215	-180.0
8.411215	-178.317757
8.411215	-176.635514
8.411215	-174.953271
8.411215	-173.271028
8.411215	-171.588785
8.411215	-169.906542
8.411215	-168.224299
8.411215	-166.542056
8.411215	-164.859813
8.411215	-163.17757
8.411215	-161.495327
8.411215	-159.813084
8.411215	-158.130841
8.411215	-156.448598
8.411215	-154.766355
8.411215	-153.084112
8.411215	-151.401869
8.411215	-149.719626
8.411215	-148.037383
8.411215	-146.35514
8.411215	-144.672897
8.411215	-142.990654
8.411215	-141.308411
8.411215	-139.626168
8.411215	-137.943925
8.411215	-136.261682
8.411215	-134.579439
8.411215	-132.897196
8.411215	-131.214953
8.411215	-129.53271
8.411215	-127.850467
8.411215	-126.168224
8.411215	-124.485981
8.411215	-122.803738
8.411215	-121.121495
8.411215	-119.439252
8.411215	-117.757009
8.411215	-116.074766
8.411215	-114.392523
8.411215	-112.71028
8.411215	-111.028037
8.411215	-109.345794
8.411215	-107.663551
8.411215	-105.981308
8.411215	-104.299065
8.411215	-102.616822
8.411215	-100.934579
8.411215	-99.252336
8.411215	-97.570093
8.411215	-95.88785
8.411215	-94.205607
8.411215	-92.523364
8.411215	-90.841121
8.411215	-89.158879
8.411215	-87.476636
8.411215	-85.794393
8.411215	-84.11215
8.411215	-82.429907
8.411215	-80.747664
8.411215	-79.065421
8.411215	-77.383178
8.411215	-75.700935
8.411215	-74.018692
8.411215	-72.336449
8.411215	-70.654206
8.411215	-68.971963
8.411215	-67.28972
8.411215	-65.607477
8.411215	-63.925234
8.411215	-62.242991
8.411215	-60.560748
8.411215	-58.878505
8.411215	-57.196262
8.411215	-55.514019
8.411215	-53.831776
8.411215	-52.149533
8.411215	-50.46729
8.411215	-48.785047
8.411215	-47.102804
8.411215	-45.420561
8.411215	-43.738318
8.411215	-42.056075
8.411215	-40.373832
8.411215	-38.691589
8.411215	-37.009346
8.411215	-35.327103
8.411215	-33.64486
8.411215	-31.962617
8.411215	-30.280374
8.411215	-28.598131
8.411215	-26.915888
8.411215	-25.233645
8.411215	-23.551402
8.411215	-21.869159
8.411215	-20.186916
8.411215	-18.504673
8.411215	-16.82243
8.411215	-15.140187
8.411215	-13.457944
8.411215	-11.775701
8.411215	-10.093458
8.411215	-8.411215
8.411215	-6.728972
8.411215	-5.046729
8.411215	-3.364486
8.411215	-1.682243
8.411215	0.0
8.411215	1.682243
8.411215	3.364486
8.411215	5.046729
8.411215	6.728972
8.411215	8.411215
8.411215	10.093458
8.411215	11.775701
8.411215	13.457944
8.411215	15.140187
8.411215	16.82243
8.411215	18.504673
8.411215	20.186916
8.411215	21.869159
8.411215	23.551402
8.411215	25.233645
8.411215	26.915888
8.411215	28.598131
8.411215	30.280374
8.411215	31.962617
8.411215	33.64486
8.411215	35.327103
8.411215	37.009346
8.411215	38.691589
8.411215	40.373832
8.411215	42.056075
8.411215	43.738318
8.411215	45.420561
8.411215	47.102804
8.411215	48.785047
8.411215	50.46729
8.411215	52.149533
8.411215	53.831776
8.411215	55.514019
8.411215	57.196262
8.411215	58.878505
8.411215	60.560748
8.411215	62.242991
8.411215	63.925234
8.411215	65.607477
8.411215	67.28972
8.411215	68.971963
8.411215	70.654206
8.411215	72.336449
8.411215	74.018692
8.411215	75.700935
8.411215	77.383178
8.411215	79.065421
8.411215	80.747664
8.411215	82.429907
8.411215	84.11215
8.411215	85.794393
8.411215	87.476636
8.411215	89.158879
8.411215	90.841121
8.411215	92.523364
8.411215	94.205607
8.411215	95.88785
8.411215	97.570093
8.411215	99.252336
8.411215	100.934579
8.411215	102.616822
8.411215	104.299065
8.411215	105.981308
8.411215	107.663551
8.411215	109.345794
8.411215	111.028037
8.411215	112.71028
8.411215	114.392523
8.411215	116.074766
8.411215	117.757009
8.411215	119.439252
8.411215	121.121495
8.411215	122.803738
8.411215	124.485981
8.411215	126.168224
8.411215	127.850467
8.411215	129.53271
8.411215	131.214953
8.411215	132.897196
8.411215	134.579439
8.411215	136.261682
8.411215	137.943925
8.411215	139.626168
8.411215	141.308411
8.411215	142.990654
8.411215	144.672897
8.411215	146.35514
8.411215	148.037383
8.411215	149.719626
8.411215	151.401869
8.411215	153.084112
8.411215	154.766355
8.411215	156.448598
8.411215	158.130841
8.411215	159.813084
8.411215	161.495327
8.411215	163.17757
8.411215	164.859813
8.411215	166.542056
8.411215	168.224299
8.411215	169.906542
8.411215	171.588785
8.411215	173.271028
8.411215	174.953271
8.411215	176.635514
8.411215	178.317757
10.093458	-180.0
10.093458	-178.309859
10.093458	-176.619718
10.093458	-174.929577
10.093458	-173.239437
10.093458	-171.549296
10.093458	-169.859155
10.093458	-168.169014
10.093458	-166.478873
10.093458	-164.788732
10.093458	-163.098592
10.093458	-161.408451
10.093458	-159.71831
10.093458	-158.028169
10.093458	-156.338028
10.093458	-154.647887
10.093458	-152.957746
10.093458	-151.267606
10.093458	-149.577465
10.093458	-147.887324
10.093458	-146.197183
10.093458	-144.507042
10.093458	-142.816901
10.093458	-141.126761
10.093458	-139.43662
10.093458	-137.746479
10.093458	-136.056338
10.093458	-134.366197
10.093458	-132.676056
10.093458	-130.985915
10.093458	-129.295775
10.093458	-127.605634
10.093458	-125.915493
10.093458	-124.225352
10.093458	-122.535211
10.093458	-120.84507
10.093458	-119.15493
10.093458	-117.464789
10.093458	-115.774648
10.093458	-114.084507
10.093458	-112.394366
10.093458	-110.704225
10.093458	-109.014085
10.093458	-107.323944
10.093458	-105.633803
10.093458	-103.943662
10.093458	-102.253521
10.093458	-100.56338
10.093458	-98.873239
10.093458	-97.183099
10.093458	-95.492958
10.093458	-93.802817
10.093458	-92.112676
10.093458	-90.422535
10.093458	-88.732394
10.093458	-87.042254
10.093458	-85.352113
10.093458	-83.661972
10.093458	-81.971831
10.093458	-80.28169
10.093458	-78.591549
10.093458	-76.901408
10.093458	-75.211268
10.093458	-73.521127
10.093458	-71.830986
10.093458	-70.140845
10.093458	-68.450704
10.093458	-66.760563
10.093458	-65.070423
10.093458	-63.380282
10.093458	-61.690141
10.093458	-60.0
10.093458	-58.309859
10.093458	-56.619718
10.093458	-54.929577
10.093458	-53.239437
10.093458	-51.549296
10.093458	-49.859155
10.093458	-48.169014
10.093458	-46.478873
10.093458	-44.788732
10.093458	-43.098592
10.093458	-41.408451
10.093458	-39.71831
10.093458	-38.028169
10.093458	-36.338028
10.093458	-34.647887
10.093458	-32.957746
10.093458	-31.267606
10.093458	-29.577465
10.093458	-27.887324
10.093458	-26.197183
10.093458	-24.507042
10.093458	-22.816901
10.093458	-21.126761
10.093458	-19.43662
10.093458	-17.746479
10.093458	-16.056338
10.093458	-14.366197
10.093458	-12.676056
10.093458	-10.985915
10.093458	-9.295775
10.093458	-7.605634
10.093458	-5.915493
10.093458	-4.225352
10.093458	-2.535211
10.093458	-0.84507
10.093458	0.84507
10.093458	2.535211
10.093458	4.225352
10.093458	5.915493
10.093458	7.605634
10.093458	9.295775
10.093458	10.985915
10.093458	12.676056
10.093458	14.366197
10.093458	16.056338
10.093458	17.746479
10.093458	19.43662
10.093458	21.126761
10.093458	22.816901
10.093458	24.507042
10.093458	26.197183
10.093458	27.887324
10.093458	29.577465
10.093458	31.267606
10.093458	32.957746
10.093458	34.647887
10.093458	36.338028
10.093458	38.028169
10.093458	39.71831
10.093458	41.408451
10.093458	43.098592
10.093458	44.788732
10.093458	46.478873
10.093458	48.169014
10.093458	49.859155
10.093458	51.549296
10.093458	53.239437
10.093458	54.929577
10.093458	56.619718
10.093458	58.309859
10.093458	60.0
10.093458	61.690141
10.093458	63.380282
10.093458	65.070423
10.093458	66.760563
10.093458	68.450704
10.093458	70.140845
10.093458	71.830986
10.093458	73.521127
10.093458	75.211268
10.093458	76.901408
10.093458	78.591549
10.093458	80.28169
10.093458	81.971831
10.093458	83.661972
10.093458	85.352113
10.093458	87.042254
10.093458	88.732394
10.093458	90.422535
10.093458	92.112676
10.093458	93.802817
10.093458	95.492958
10.093458	97.183099
10.093458	98.873239
10.093458	100.56338
10.093458	102.253521
10.093458	103.943662
10.093458	105.633803
10.093458	107.323944
10.093458	109.014085
10.093458	110.704225
10.093458	112.394366
10.093458	114.084507
10.093458	115.774648
10.093458	117.464789
10.093458	119.15493
10.093458	120.84507
10.093458	122.535211
10.093458	124.225352
10.093458	125.915493
10.093458	127.605634
10.093458	129.295775
10.093458	130.985915
10.093458	132.676056
10.093458	134.366197
10.093458	136.056338
10.093458	137.746479
10.093458	139.43662
10.093458	141.126761
10.093458	142.816901
10.093458	144.507042
10.093458	146.197183
10.093458	147.887324
10.093458	149.577465
10.093458	151.267606
10.093458	152.957746
10.093458	154.647887
10.093458	156.338028
10.093458	158.028169
10.093458	159.71831
10.093458	161.408451
10.093458	163.098592
10.093458	164.788732
10.093458	166.478873
10.093458	168.169014
10.093458	169.859155
10.093458	171.549296
10.093458	173.239437
10.093458	174.929577
10.093458	176.619718
10.093458	178.309859
11.775701	-180.0
11.775701	-178.293839
11.775701	-176.587678
11.775701	-174.881517
11.775701	-173.175355
11.775701	-171.469194
11.775701	-169.763033
11.775701	-168.056872
11.775701	-166.350711
11.775701	-164.64455
11.775701	-162.938389
11.775701	-161.232227
11.775701	-159.526066
11.775701	-157.819905
11.775701	-156.113744
11.775701	-154.407583
11.775701	-152.701422
11.775701	-150.995261
11.775701	-149.2891
11.775701	-147.582938
11.775701	-145.876777
11.775701	-144.170616
11.775701	-142.464455
11.775701	-140.758294
11.775701	-139.052133
11.775701	-137.345972
11.775701	-135.63981
11.775701	-133.933649
11.775701	-132.227488
11.775701	-130.521327
11.775701	-128.815166
11.775701	-127.109005
11.775701	-125.402844
11.775701	-123.696682
11.775701	-121.990521
11.775701	-120.28436
11.775701	-118.578199
11.775701	-116.872038
11.775701	-115.165877
11.775701	-113.459716
11.775701	-111.753555
11.775701	-110.047393
11.775701	-108.341232
11.775701	-106.635071
11.775701	-104.92891
11.775701	-103.222749
11.775701	-101.516588
11.775701	-99.810427
11.775701	-98.104265
11.775701	-96.398104
11.775701	-94.691943
11.775701	-92.985782
11.775701	-91.279621
11.775701	-89.57346
11.775701	-87.867299
11.775701	-86.161137
11.775701	-84.454976
11.775701	-82.748815
11.775701	-81.042654
11.775701	-79.336493
11.775701	-77.630332
11.775701	-75.924171
11.775701	-74.218009
11.775701	-72.511848
11.775701	-70.805687
11.775701	-69.099526
11.775701	-67.393365
11.775701	-65.687204
11.775701	-63.981043
11.775701	-62.274882
11.775701	-60.56872
11.775701	-58.862559
11.775701	-57.156398
11.775701	-55.450237
11.775701	-53.744076
11.775701	-52.037915
11.775701	-50.331754
11.775701	-48.625592
11.775701	-46.919431
11.775701	-45.21327
11.775701	-43.507109
11.775701	-41.800948
11.775701	-40.094787
11.775701	-38.388626
11.775701	-36.682464
11.775701	-34.976303
11.775701	-33.270142
11.775701	-31.563981
11.775701	-29.85782
11.775701	-28.151659
11.775701	-26.445498
11.775701	-24.739336
11.775701	-23.033175
11.775701	-21.327014
11.775701	-19.620853
11.775701	-17.914692
11.775701	-16.208531
11.775701	-14.50237
11.775701	-12.796209
11.775701	-11.090047
11.775701	-9.383886
11.775701	-7.677725
11.775701	-5.971564
11.775701	-4.265403
11.775701	-2.559242
11.775701	-0.853081
11.775701	0.853081
11.775701	2.559242
11.775701	4.265403
11.775701	5.971564
11.775701	7.677725
11.775701	9.383886
11.775701	11.090047
11.775701	12.796209
11.775701	14.50237
11.775701	16.208531
11.775701	17.914692
11.775701	19.620853
11.775701	21.327014
11.775701	23.033175
11.775701	24.739336
11.775701	26.445498
11.775701	28.151659
11.775701	29.85782
11.775701	31.563981
11.775701	33.270142
11.775701	34.976303
11.775701	36.682464
11.775701	38.388626
11.775701	40.094787
11.775701	41.800948
11.775701	43.507109
11.775701	45.21327
11.775701	46.919431
11.775701	48.625592
11.775701	50.331754
11.775701	52.037915
11.775701	53.744076
11.775701	55.450237
11.775701	57.156398
11.775701	58.862559
11.775701	60.56872
11.775701	62.274882
11.775701	63.981043
11.775701	65.687204
11.775701	67.393365
11.775701	69.099526
11.775701	70.805687
11.775701	72.511848
11.775701	74.218009
11.775701	75.924171
11.775701	77.630332
11.775701	79.336493
11.775701	81.042654
11.775701	82.748815
11.775701	84.454976
11.775701	86.161137
11.775701	87.867299
11.775701	89.57346
11.775701	91.279621
11.775701	92.985782
11.775701	94.691943
11.775701	96.398104
11.775701	98.104265
11.775701	99.810427
11.775701	101.516588
11.775701	103.222749
11.775701	104.92891
11.775701	106.635071
11.775701	108.341232
11.775701	110.047393
11.775701	111.753555
11.775701	113.459716
11.775701	115.165877
11.775701	116.872038
11.775701	118.578199
11.775701	120.28436
11.775701	121.990521
11.775701	123.696682
11.775701	125.402844
11.775701	127.109005
11.775701	128.815166
11.775701	130.521327
11.775701	132.227488
11.775701	133.933649
11.775701	135.63981
11.775701	137.345972
11.775701	139.052133
11.775701	140.758294
11.775701	142.464455
11.775701	144.170616
11.775701	145.876777
11.775701	147.582938
11.775701	149.2891
11.775701	150.995261
11.775701	152.701422
11.775701	154.407583
11.775701	156.113744
11.775701	157.819905
11.775701	159.526066
11.775701	161.232227
11.775701	162.938389
11.775701	164.64455
11.775701	166.350711
11.775701	168.056872
11.775701	169.763033
11.775701	171.469194
11.775701	173.175355
11.775701	174.881517
11.775701	176.587678
11.775701	178.293839
13.457944	-180.0
13.457944	-178.285714
13.457944	-176.571429
13.457944	-174.857143
13.457944	-173.142857
13.457944	-171.428571
13.457944	-169.714286
13.457944	-168.0
13.457944	-166.285714
13.457944	-164.571429
13.457944	-162.857143
13.457944	-161.142857
13.457944	-159.428571
13.457944	-157.714286
13.457944	-156.0
13.457944	-154.285714
13.457944	-152.571429
13.457944	-150.857143
13.457944	-149.142857
13.457944	-147.428571
13.457944	-145.714286
13.457944	-144.0
13.457944	-142.285714
13.457944	-140.571429
13.457944	-138.857143
13.457944	-137.142857
13.457944	-135.428571
13.457944	-133.714286
13.457944	-132.0
13.457944	-130.285714
13.457944	-128.571429
13.457944	-126.857143
13.457944	-125.142857
13.457944	-123.428571
13.457944	-121.714286
13.457944	-120.0
13.457944	-118.285714
13.457944	-116.571429
13.457944	-114.857143
13.457944	-113.142857
13.457944	-111.428571
13.457944	-109.714286
13.457944	-108.0
13.457944	-106.285714
13.457944	-104.571429
13.457944	-102.857143
13.457944	-101.142857
13.457944	-99.428571
13.457944	-97.714286
13.457944	-96.0
13.457944	-94.285714
13.457944	-92.571429
13.457944	-90.857143
13.457944	-89.142857
13.457944	-87.428571
13.457944	-85.714286
13.457944	-84.0
13.457944	-82.285714
13.457944	-80.571429
13.457944	-78.857143
13.457944	-77.142857
13.457944	-75.428571
13.457944	-73.714286
13.457944	-72.0
13.457944	-70.285714
13.457944	-68.571429
13.457944	-66.857143
13.457944	-65.142857
13.457944	-63.428571
13.457944	-61.714286
13.457944	-60.0
13.457944	-58.285714
13.457944	-56.571429
13.457944	-54.857143
13.457944	-53.142857
13.457944	-51.428571
13.457944	-49.714286
13.457944	-48.0
13.457944	-46.285714
13.457944	-44.571429
13.457944	-42.857143
13.457944	-41.142857
13.457944	-39.428571
13.457944	-37.714286
13.457944	-36.0
13.457944	-34.285714
13.457944	-32.571429
13.457944	-30.857143
13.457944	-29.142857
13.457944	-27.428571
13.457944	-25.714286
13.457944	-24.0
13.457944	-22.285714
13.457944	-20.571429
13.457944	-18.857143
13.457944	-17.142857
13.457944	-15.428571
13.457944	-13.714286
13.457944	-12.0
13.457944	-10.285714
13.457944	-8.571429
13.457944	-6.857143
13.457944	-5.142857
13.457944	-3.428571
13.457944	-1.714286
13.457944	0.0
13.457944	1.714286
13.457944	3.428571
13.457944	5.142857
13.457944	6.857143
13.457944	8.571429
13.457944	10.285714
13.457944	12.0
13.457944	13.714286
13.457944	15.428571
13.457944	17.142857
13.457944	18.857143
13.457944	20.571429
13.457944	22.285714
13.457944	24.0
13.457944	25.714286
13.457944	27.428571
13.457944	29.142857
13.457944	30.857143
13.457944	32.571429
13.457944	34.285714
13.457944	36.0
13.457944	37.714286
13.457944	39.428571
13.457944	41.142857
13.457944	42.857143
13.457944	44.571429
13.457944	46.285714
13.457944	48.0
13.457944	49.714286
13.457944	51.428571
13.457944	53.142857
13.457944	54.857143
13.457944	56.571429
13.457944	58.285714
13.457944	60.0
13.457944	61.714286
13.457944	63.428571
13.457944	65.142857
13.457944	66.857143
13.457944	68.571429
13.457944	70.285714
13.457944	72.0
13.457944	73.714286
13.457944	75.428571
13.457944	77.142857
13.457944	78.857143
13.457944	80.571429
13.457944	82.285714
13.457944	84.0
13.457944	85.714286
13.457944	87.428571
13.457944	89.142857
13.457944	90.857143
13.457944	92.571429
13.457944	94.285714
13.457944	96.0
13.457944	97.714286
13.457944	99.428571
13.457944	101.142857
13.457944	102.857143
13.457944	104.571429
13.457944	106.285714
13.457944	108.0
13.457944	109.714286
13.457944	111.428571
13.457944	113.142857
13.457944	114.857143
13.457944	116.571429
13.457944	118.285714
13.457944	120.0
13.457944	121.714286
13.457944	123.428571
13.457944	125.142857
13.457944	126.857143
13.457944	128.571429
13.457944	130.285714
13.457944	132.0
13.457944	133.714286
13.457944	135.428571
13.457944	137.142857
13.457944	138.857143
13.457944	140.571429
13.457944	142.285714
13.457944	144.0
13.457944	145.714286
13.457944	147.428571
13.457944	149.142857
13.457944	150.857143
13.457944	152.571429
13.457944	154.285714
13.457944	156.0
13.457944	157.714286
13.457944	159.428571
13.457944	161.142857
13.457944	162.857143
13.457944	164.571429
13.457944	166.285714
13.457944	168.0
13.457944	169.714286
13.457944	171.428571
13.457944	173.142857
13.457944	174.857143
13.457944	176.571429
13.457944	178.285714
15.140187	-180.0
15.140187	-178.269231
15.140187	-176.538462
15.140187	-174.807692
15.140187	-173.076923
15.140187	-171.346154
15.140187	-169.615385
15.140187	-167.884615
15.140187	-166.153846
15.140187	-164.423077
15.140187	-162.692308
15.140187	-160.961538
15.140187	-159.230769
15.140187	-157.5
15.140187	-155.769231
15.140187	-154.038462
15.140187	-152.307692
15.140187	-150.576923
15.140187	-148.846154
15.140187	-147.115385
15.140187	-145.384615
15.140187	-143.653846
15.140187	-141.923077
15.140187	-140.192308
15.140187	-138.461538
15.140187	-136.730769
15.140187	-135.0
15.140187	-133.269231
15.140187	-131.538462
15.140187	-129.807692
15.140187	-128.076923
15.140187	-126.346154
15.140187	-124.615385
15.140187	-122.884615
15.140187	-121.153846
15.140187	-119.423077
15.140187	-117.692308
15.140187	-115.961538
15.140187	-114.230769
15.140187	-112.5
15.140187	-110.769231
15.140187	-109.038462
15.140187	-107.307692
15.140187	-105.576923
15.140187	-103.846154
15.140187	-102.115385
15.140187	-100.384615
15.140187	-98.653846
15.140187	-96.923077
15.140187	-95.192308
15.140187	-93.461538
15.140187	-91.730769
15.140187	-90.0
15.140187	-88.269231
15.140187	-86.538462
15.140187	-84.807692
15.140187	-83.076923
15.140187	-81.346154
15.140187	-79.615385
15.140187	-77.884615
15.140187	-76.153846
15.140187	-74.423077
15.140187	-72.692308
15.140187	-70.961538
15.140187	-69.230769
15.140187	-67.5
15.140187	-65.769231
15.140187	-64.038462
15.140187	-62.307692
15.140187	-60.576923
15.140187	-58.846154
15.140187	-57.115385
15.140187	-55.384615
15.140187	-53.653846
15.140187	-51.923077
15.140187	-50.192308
15.140187	-48.461538
15.140187	-46.730769
15.140187	-45.0
15.140187	-43.269231
15.140187	-41.538462
15.140187	-39.807692
15.140187	-38.076923
15.140187	-36.346154
15.140187	-34.615385
15.140187	-32.884615
15.140187	-31.153846
15.140187	-29.423077
15.140187	-27.692308
15.140187	-25.961538
15.140187	-24.230769
15.140187	-22.5
15.140187	-20.769231
15.140187	-19.038462
15.140187	-17.307692
15.140187	-15.576923
15.140187	-13.846154
15.140187	-12.115385
15.140187	-10.384615
15.140187	-8.653846
15.140187	-6.923077
15.140187	-5.192308
15.140187	-3.461538
15.140187	-1.730769
15.140187	0.0
15.140187	1.730769
15.140187	3.461538
15.140187	5.192308
15.140187	6.923077
15.140187	8.653846
15.140187	10.384615
15.140187	12.115385
15.140187	13.846154
15.140187	15.576923
15.140187	17.307692
15.140187	19.038462
15.140187	20.769231
15.140187	22.5
15.140187	24.230769
15.140187	25.961538
15.140187	27.692308
15.140187	29.423077
15.140187	31.153846
15.140187	32.884615
15.140187	34.615385
15.140187	36.346154
15.140187	38.076923
15.140187	39.807692
15.140187	41.538462
15.140187	43.269231
15.140187	45.0
15.140187	46.730769
15.140187	48.461538
15.140187	50.192308
15.140187	51.923077
15.140187	53.653846
15.140187	55.384615
15.140187	57.115385
15.140187	58.846154
15.140187	60.576923
15.140187	62.307692
15.140187	64.038462
15.140187	65.769231
15.140187	67.5
15.140187	69.230769
15.140187	70.961538
15.140187	72.692308
15.140187	74.423077
15.140187	76.153846
15.140187	77.884615
15.140187	79.615385
15.140187	81.346154
15.140187	83.076923
15.140187	84.807692
15.140187	86.538462
15.140187	88.269231
15.140187	90.0
15.140187	91.730769
15.140187	93.461538
15.140187	95.192308
15.140187	96.923077
15.140187	98.653846
15.140187	100.384615
15.140187	102.115385
15.140187	103.846154
15.140187	105.576923
15.140187	107.307692
15.140187	109.038462
15.140187	110.769231
15.140187	112.5
15.140187	114.230769
15.140187	115.961538
15.140187	117.692308
15.140187	119.423077
15.140187	121.153846
15.140187	122.884615
15.140187	124.615385
15.140187	126.346154
15.140187	128.076923
15.140187	129.807692
15.140187	131.538462
15.140187	133.269231
15.140187	135.0
15.140187	136.730769
15.140187	138.461538
15.140187	140.192308
15.140187	141.923077
15.140187	143.653846
15.140187	145.384615
15.140187	147.115385
15.140187	148.846154
15.140187	150.576923
15.140187	152.307692
15.140187	154.038462
15.140187	155.769231
15.140187	157.5
15.140187	159.230769
15.140187	160.961538
15.140187	162.692308
15.140187	164.423077
15.140187	166.153846
15.140187	167.884615
15.140187	169.615385
15.140187	171.346154
15.140187	173.076923
15.140187	174.807692
15.140187	176.538462
15.140187	178.269231
16.82243	-180.0
16.82243	-178.26087
16.82243	-176.521739
16.82243	-174.782609
16.82243	-173.043478
16.82243	-171.304348
16.82243	-169.565217
16.82243	-167.826087
16.82243	-166.086957
16.82243	-164.347826
16.82243	-162.608696
16.82243	-160.869565
16.82243	-159.130435
16.82243	-157.391304
16.82243	-155.652174
16.82243	-153.913043
16.82243	-152.173913
16.82243	-150.434783
16.82243	-148.695652
16.82243	-146.956522
16.82243	-145.217391
16.82243	-143.478261
16.82243	-141.73913
16.82243	-140.0
16.82243	-138.26087
16.82243	-136.521739
16.82243	-134.782609
16.82243	-133.043478
16.82243	-131.304348
16.82243	-129.565217
16.82243	-127.826087
16.82243	-126.086957
16.82243	-124.347826
16.82243	-122.608696
16.82243	-120.869565
16.82243	-119.130435
16.82243	-117.391304
16.82243	-115.652174
16.82243	-113.913043
16.82243	-112.173913
16.82243	-110.434783
16.82243	-108.695652
16.82243	-106.956522
16.82243	-105.217391
16.82243	-103.478261
16.82243	-101.73913
16.82243	-100.0
16.82243	-98.26087
16.82243	-96.521739
16.82243	-94.782609
16.82243	-93.043478
16.82243	-91.304348
16.82243	-89.565217
16.82243	-87.826087
16.82243	-86.086957
16.82243	-84.347826
16.82243	-82.608696
16.82243	-80.869565
16.82243	-79.130435
16.82243	-77.391304
16.82243	-75.652174
16.82243	-73.913043
16.82243	-72.173913
16.82243	-70.434783
16.82243	-68.695652
16.82243	-66.956522
16.82243	-65.217391
16.82243	-63.478261
16.82243	-61.73913
16.82243	-60.0
16.82243	-58.26087
16.82243	-56.521739
16.82243	-54.782609
16.82243	-53.043478
16.82243	-51.304348
16.82243	-49.565217
16.82243	-47.826087
16.82243	-46.086957
16.82243	-44.347826
16.82243	-42.608696
16.82243	-40.869565
16.82243	-39.130435
16.82243	-37.391304
16.82243	-35.652174
16.82243	-33.913043
16.82243	-32.173913
16.82243	-30.434783
16.82243	-28.695652
16.82243	-26.956522
16.82243	-25.217391
16.82243	-23.478261
16.82243	-21.73913
16.82243	-20.0
16.82243	-18.26087
16.82243	-16.521739
16.82243	-14.782609
16.82243	-13.043478
16.82243	-11.304348
16.82243	-9.565217
16.82243	-7.826087
16.82243	-6.086957
16.82243	-4.347826
16.82243	-2.608696
16.82243	-0.869565
16.82243	0.869565
16.82243	2.608696
16.82243	4.347826
16.82243	6.086957
16.82243	7.826087
16.82243	9.565217
16.82243	11.304348
16.82243	13.043478
16.82243	14.782609
16.82243	16.521739
16.82243	18.26087
16.82243	20.0
16.82243	21.73913
16.82243	23.478261
16.82243	25.217391
16.82243	26.956522
16.82243	28.695652
16.82243	30.434783
16.82243	32.173913
16.82243	33.913043
16.82243	35.652174
16.82243	37.391304
16.82243	39.130435
16.82243	40.869565
16.82243	42.608696
16.82243	44.347826
16.82243	46.086957
16.82243	47.826087
16.82243	49.565217
16.82243	51.304348
16.82243	53.043478
16.82243	54.782609
16.82243	56.521739
16.82243	58.26087
16.82243	60.0
16.82243	61.73913
16.82243	63.478261
16.82243	65.217391
16.82243	66.956522
16.82243	68.695652
16.82243	70.434783
16.82243	72.173913
16.82243	73.913043
16.82243	75.652174
16.82243	77.391304
16.82243	79.130435
16.82243	80.869565
16.82243	82.608696
16.82243	84.347826
16.82243	86.086957
16.82243	87.826087
16.82243	89.565217
16.82243	91.304348
16.82243	93.043478
16.82243	94.782609
16.82243	96.521739
16.82243	98.26087
16.82243	100.0
16.82243	101.73913
16.82243	103.478261
16.82243	105.217391
16.82243	106.956522
16.82243	108.695652
16.82243	110.434783
16.82243	112.173913
16.82243	113.913043
16.82243	115.652174
16.82243	117.391304
16.82243	119.130435
16.82243	120.869565
16.82243	122.608696
16.82243	124.347826
16.82243	126.086957
16.82243	127.826087
16.82243	129.565217
16.82243	131.304348
16.82243	133.043478
16.82243	134.782609
16.82243	136.521739
16.82243	138.26087
16.82243	140.0
16.82243	141.73913
16.82243	143.478261
16.82243	145.217391
16.82243	146.956522
16.82243	148.695652
16.82243	150.434783
16.82243	152.173913
16.82243	153.913043
16.82243	155.652174
16.82243	157.391304
16.82243	159.130435
16.82243	160.869565
16.82243	162.608696
16.82243	164.347826
16.82243	166.086957
16.82243	167.826087
16.82243	169.565217
16.82243	171.304348
16.82243	173.043478
16.82243	174.782609
16.82243	176.521739
16.82243	178.26087
18.504673	-180.0
18.504673	-178.243902
18.504673	-176.487805
18.504673	-174.731707
18.504673	-172.97561
18.504673	-171.219512
18.504673	-169.463415
18.504673	-167.707317
18.504673	-165.95122
18.504673	-164.195122
18.504673	-162.439024
18.504673	-160.682927
18.504673	-158.926829
18.504673	-157.170732
18.504673	-155.414634
18.504673	-153.658537
18.504673	-151.902439
18.504673	-150.146341
18.504673	-148.390244
18.504673	-146.634146
18.504673	-144.878049
18.504673	-143.121951
18.504673	-141.365854
18.504673	-139.609756
18.504673	-137.853659
18.504673	-136.097561
18.504673	-134.341463
18.504673	-132.585366
18.504673	-130.829268
18.504673	-129.073171
18.504673	-127.317073
18.504673	-125.560976
18.504673	-123.804878
18.504673	-122.04878
18.504673	-120.292683
18.504673	-118.536585
18.504673	-116.780488
18.504673	-115.02439
18.504673	-113.268293
18.504673	-111.512195
18.504673	-109.756098
18.504673	-108.0
18.504673	-106.243902
18.504673	-104.487805
18.504673	-102.731707
18.504673	-100.97561
18.504673	-99.219512
18.504673	-97.463415
18.504673	-95.707317
18.504673	-93.95122
18.504673	-92.195122
18.504673	-90.439024
18.504673	-88.682927
18.504673	-86.926829
18.504673	-85.170732
18.504673	-83.414634
18.504673	-81.658537
18.504673	-79.902439
18.504673	-78.146341
18.504673	-76.390244
18.504673	-74.634146
18.504673	-72.878049
18.504673	-71.121951
18.504673	-69.365854
18.504673	-67.609756
18.504673	-65.853659
18.504673	-64.097561
18.504673	-62.341463
18.504673	-60.585366
18.504673	-58.829268
18.504673	-57.073171
18.504673	-55.317073
18.504673	-53.560976
18.504673	-51.804878
18.504673	-50.04878
18.504673	-48.292683
18.504673	-46.536585
18.504673	-44.780488
18.504673	-43.02439
18.504673	-41.268293
18.504673	-39.512195
18.504673	-37.756098
18.504673	-36.0
18.504673	-34.243902
18.504673	-32.487805
18.504673	-30.731707
18.504673	-28.97561
18.504673	-27.219512
18.504673	-25.463415
18.504673	-23.707317
18.504673	-21.95122
18.504673	-20.195122
18.504673	-18.439024
18.504673	-16.682927
18.504673	-14.926829
18.504673	-13.170732
18.504673	-11.414634
18.504673	-9.658537
18.504673	-7.902439
18.504673	-6.146341
18.504673	-4.390244
18.504673	-2.634146
18.504673	-0.878049
18.504673	0.878049
18.504673	2.634146
18.504673	4.390244
18.504673	6.146341
18.504673	7.902439
18.504673	9.658537
18.504673	11.414634
18.504673	13.170732
18.504673	14.926829
18.504673	16.682927
18.504673	18.439024
18.504673	20.195122
18.504673	21.95122
18.504673	23.707317
18.504673	25.463415
18.504673	27.219512
18.504673	28.97561
18.504673	30.731707
18.504673	32.487805
18.504673	34.243902
18.504673	36.0
18.504673	37.756098
18.504673	39.512195
18.504673	41.268293
18.504673	43.02439
18.504673	44.780488
18.504673	46.536585
18.504673	48.292683
18.504673	50.04878
18.504673	51.804878
18.504673	53.560976
18.504673	55.317073
18.504673	57.073171
18.504673	58.829268
18.504673	60.585366
18.504673	62.341463
18.504673	64.097561
18.504673	65.853659
18.504673	67.609756
18.504673	69.365854
18.504673	71.121951
18.504673	72.878049
18.504673	74.634146
18.504673	76.390244
18.504673	78.146341
18.504673	79.902439
18.504673	81.658537
18.504673	83.414634
18.504673	85.170732
18.504673	86.926829
18.504673	88.682927
18.504673	90.439024
18.504673	92.195122
18.504673	93.95122
18.504673	95.707317
18.504673	97.463415
18.504673	99.219512
18.504673	100.97561
18.504673	102.731707
18.504673	104.487805
18.504673	106.243902
18.504673	108.0
18.504673	109.756098
18.504673	111.512195
18.504673	113.268293
18.504673	115.02439
18.504673	116.780488
18.504673	118.536585
18.504673	120.292683
18.504673	122.04878
18.504673	123.804878
18.504673	125.560976
18.504673	127.317073
18.504673	129.073171
18.504673	130.829268
18.504673	132.585366
18.504673	134.341463
18.504673	136.097561
18.504673	137.853659
18.504673	139.609756
18.504673	141.365854
18.504673	143.121951
18.504673	144.878049
18.504673	146.634146
18.504673	148.390244
18.504673	150.146341
18.504673	151.902439
18.504673	153.658537
18.504673	155.414634
18.504673	157.170732
18.504673	158.926829
18.504673	160.682927
18.504673	162.439024
18.504673	164.195122
18.504673	165.95122
18.504673	167.707317
18.504673	169.463415
18.504673	171.219512
18.504673	172.97561
18.504673	174.731707
18.504673	176.487805
18.504673	178.243902
20.186916	-180.0
20.186916	-178.226601
20.186916	-176.453202
20.186916	-174.679803
20.186916	-172.906404
20.186916	-171.133005
20.186916	-169.359606
20.186916	-167.586207
20.186916	-165.812808
20.186916	-164.039409
20.186916	-162.26601
20.186916	-160.492611
20.186916	-158.719212
20.186916	-156.945813
20.186916	-155.172414
20.186916	-153.399015
20.186916	-151.625616
20.186916	-149.852217
20.186916	-148.078818
20.186916	-146.305419
20.186916	-144.53202
20.186916	-142.758621
20.186916	-140.985222
20.186916	-139.211823
20.186916	-137.438424
20.186916	-135.665025
20.186916	-133.891626
20.186916	-132.118227
20.186916	-130.344828
20.186916	-128.571429
20.186916	-126.79803
20.186916	-125.024631
20.186916	-123.251232
20.186916	-121.477833
20.186916	-119.704433
20.186916	-117.931034
20.186916	-116.157635
20.186916	-114.384236
20.186916	-112.610837
20.186916	-110.837438
20.186916	-109.064039
20.186916	-107.29064
20.186916	-105.517241
20.186916	-103.743842
20.186916	-101.970443
20.186916	-100.197044
20.186916	-98.423645
20.186916	-96.650246
20.186916	-94.876847
20.186916	-93.103448
20.186916	-91.330049
20.186916	-89.55665
20.186916	-87.783251
20.186916	-86.009852
20.186916	-84.236453
20.186916	-82.463054
20.186916	-80.689655
20.186916	-78.916256
20.186916	-77.142857
20.186916	-75.369458
20.186916	-73.596059
20.186916	-71.82266
20.186916	-70.049261
20.186916	-68.275862
20.186916	-66.502463
20.186916	-64.729064
20.186916	-62.955665
20.186916	-61.182266
20.186916	-59.408867
20.186916	-57.635468
20.186916	-55.862069
20.186916	-54.08867
20.186916	-52.315271
20.186916	-50.541872
20.186916	-48.768473
20.186916	-46.995074
20.186916	-45.221675
20.186916	-43.448276
20.186916	-41.674877
20.186916	-39.901478
20.186916	-38.128079
20.186916	-36.35468
20.186916	-34.581281
20.186916	-32.807882
20.186916	-31.034483
20.186916	-29.261084
20.186916	-27.487685
20.186916	-25.714286
20.186916	-23.940887
20.186916	-22.167488
20.186916	-20.394089
20.186916	-18.62069
20.186916	-16.847291
20.186916	-15.073892
20.186916	-13.300493
20.186916	-11.527094
20.186916	-9.753695
20.186916	-7.980296
20.186916	-6.206897
20.186916	-4.433498
20.186916	-2.660099
20.186916	-0.8867
20.186916	0.8867
20.186916	2.660099
20.186916	4.433498
20.186916	6.206897
20.186916	7.980296
20.186916	9.753695
20.186916	11.527094
20.186916	13.300493
20.186916	15.073892
20.186916	16.847291
20.186916	18.62069
20.186916	20.394089
20.186916	22.167488
20.186916	23.940887
20.186916	25.714286
20.186916	27.487685
20.186916	29.261084
20.186916	31.034483
20.186916	32.807882
20.186916	34.581281
20.186916	36.35468
20.186916	38.128079
20.186916	39.901478
20.186916	41.674877
20.186916	43.448276
20.186916	45.221675
20.186916	46.995074
20.186916	48.768473
20.186916	50.541872
20.186916	52.315271
20.186916	54.08867
20.186916	55.862069
20.186916	57.635468
20.186916	59.408867
20.186916	61.182266
20.186916	62.955665
20.186916	64.729064
20.186916	66.502463
20.186916	68.275862
20.186916	70.049261
20.186916	71.82266
20.186916	73.596059
20.186916	75.369458
20.186916	77.142857
20.186916	78.916256
20.186916	80.689655
20.186916	82.463054
20.186916	84.236453
20.186916	86.009852
20.186916	87.783251
20.186916	89.55665
20.186916	91.330049
20.186916	93.103448
20.186916	94.876847
20.186916	96.650246
20.186916	98.423645
20.186916	100.197044
20.186916	101.970443
20.186916	103.743842
20.186916	105.517241
20.186916	107.29064
20.186916	109.064039
20.186916	110.837438
20.186916	112.610837
20.186916	114.384236
20.186916	116.157635
20.186916	117.931034
20.186916	119.704433
20.186916	121.477833
20.186916	123.251232
20.186916	125.024631
20.186916	126.79803
20.186916	128.571429
20.186916	130.344828
20.186916	132.118227
20.186916	133.891626
20.186916	135.665025
20.186916	137.438424
20.186916	139.211823
20.186916	140.985222
20.186916	142.758621
20.186916	144.53202
20.186916	146.305419
20.186916	148.078818
20.186916	149.852217
20.186916	151.625616
20.186916	153.399015
20.186916	155.172414
20.186916	156.945813
20.186916	158.719212
20.186916	160.492611
20.186916	162.26601
20.186916	164.039409
20.186916	165.812808
20.186916	167.586207
20.186916	169.359606
20.186916	171.133005
20.186916	172.906404
20.186916	174.679803
20.186916	176.453202
20.186916	178.226601
21.869159	-180.0
21.869159	-178.2
21.869159	-176.4
21.869159	-174.6
21.869159	-172.8
21.869159	-171.0
21.869159	-169.2
21.869159	-167.4
21.869159	-165.6
21.869159	-163.8
21.869159	-162.0
21.869159	-160.2
21.869159	-158.4
21.869159	-156.6
21.869159	-154.8
21.869159	-153.0
21.869159	-151.2
21.869159	-149.4
21.869159	-147.6
21.869159	-145.8
21.869159	-144.0
21.869159	-142.2
21.869159	-140.4
21.869159	-138.6
21.869159	-136.8
21.869159	-135.0
21.869159	-133.2
21.869159	-131.4
21.869159	-129.6
21.869159	-127.8
21.869159	-126.0
21.869159	-124.2
21.869159	-122.4
21.869159	-120.6
21.869159	-118.8
21.869159	-117.0
21.869159	-115.2
21.869159	-113.4
21.869159	-111.6
21.869159	-109.8
21.869159	-108.0
21.869159	-106.2
21.869159	-104.4
21.869159	-102.6
21.869159	-100.8
21.869159	-99.0
21.869159	-97.2
21.869159	-95.4
21.869159	-93.6
21.869159	-91.8
21.869159	-90.0
21.869159	-88.2
21.869159	-86.4
21.869159	-84.6
21.869159	-82.8
21.869159	-81.0
21.869159	-79.2
21.869159	-77.4
21.869159	-75.6
21.869159	-73.8
21.869159	-72.0
21.869159	-70.2
21.869159	-68.4
21.869159	-66.6
21.869159	-64.8
21.869159	-63.0
21.869159	-61.2
21.869159	-59.4
21.869159	-57.6
21.869159	-55.8
21.869159	-54.0
21.869159	-52.2
21.869159	-50.4
21.869159	-48.6
21.869159	-46.8
21.869159	-45.0
21.869159	-43.2
21.869159	-41.4
21.869159	-39.6
21.869159	-37.8
21.869159	-36.0
21.869159	-34.2
21.869159	-32.4
21.869159	-30.6
21.869159	-28.8
21.869159	-27.0
21.869159	-25.2
21.869159	-23.4
21.869159	-21.6
21.869159	-19.8
21.869159	-18.0
21.869159	-16.2
21.869159	-14.4
21.869159	-12.6
21.869159	-10.8
21.869159	-9.0
21.869159	-7.2
21.869159	-5.4
21.869159	-3.6
21.869159	-1.8
21.869159	0.0
21.869159	1.8
21.869159	3.6
21.869159	5.4
21.869159	7.2
21.869159	9.0
21.869159	10.8
21.869159	12.6
21.869159	14.4
21.869159	16.2
21.869159	18.0
21.869159	19.8
21.869159	21.6
21.869159	23.4
21.869159	25.2
21.869159	27.0
21.869159	28.8
21.869159	30.6
21.869159	32.4
21.869159	34.2
21.869159	36.0
21.869159	37.8
21.869159	39.6
21.869159	41.4
21.869159	43.2
21.869159	45.0
21.869159	46.8
21.869159	48.6
21.869159	50.4
21.869159	52.2
21.869159	54.0
21.869159	55.8
21.869159	57.6
21.869159	59.4
21.869159	61.2
21.869159	63.0
21.869159	64.8
21.869159	66.6
21.869159	68.4
21.869159	70.2
21.869159	72.0
21.869159	73.8
21.869159	75.6
21.869159	77.4
21.869159	79.2
21.869159	81.0
21.869159	82.8
21.869159	84.6
21.869159	86.4
21.869159	88.2
21.869159	90.0
21.869159	91.8
21.869159	93.6
21.869159	95.4
21.869159	97.2
21.869159	99.0
21.869159	100.8
21.869159	102.6
21.869159	104.4
21.869159	106.2
21.869159	108.0
21.869159	109.8
21.869159	111.6
21.869159	113.4
21.869159	115.2
21.869159	117.0
21.869159	118.8
21.869159	120.6
21.869159	122.4
21.869159	124.2
21.869159	126.0
21.869159	127.8
21.869159	129.6
21.869159	131.4
21.869159	133.2
21.869159	135.0
21.869159	136.8
21.869159	138.6
21.869159	140.4
21.869159	142.2
21.869159	144.0
21.869159	145.8
21.869159	147.6
21.869159	149.4
21.869159	151.2
21.869159	153.0
21.869159	154.8
21.869159	156.6
21.869159	158.4
21.869159	160.2
21.869159	162.0
21.869159	163.8
21.869159	165.6
21.869159	167.4
21.869159	169.2
21.869159	171.0
21.869159	172.8
21.869159	174.6
21.869159	176.4
21.869159	178.2
23.551402	-180.0
23.551402	-178.181818
23.551402	-176.363636
23.551402	-174.545455
23.551402	-172.727273
23.551402	-170.909091
23.551402	-169.090909
23.551402	-167.272727
23.551402	-165.454545
23.551402	-163.636364
23.551402	-161.818182
23.551402	-160.0
23.551402	-158.181818
23.551402	-156.363636
23.551402	-154.545455
23.551402	-152.727273
23.551402	-150.909091
23.551402	-149.090909
23.551402	-147.272727
23.551402	-145.454545
23.551402	-143.636364
23.551402	-141.818182
23.551402	-140.0
23.551402	-138.181818
23.551402	-136.363636
23.551402	-134.545455
23.551402	-132.727273
23.551402	-130.909091
23.551402	-129.090909
23.551402	-127.272727
23.551402	-125.454545
23.551402	-123.636364
23.551402	-121.818182
23.551402	-120.0
23.551402	-118.181818
23.551402	-116.363636
23.551402	-114.545455
23.551402	-112.727273
23.551402	-110.909091
23.551402	-109.090909
23.551402	-107.272727
23.551402	-105.454545
23.551402	-103.636364
23.551402	-101.818182
23.551402	-100.0
23.551402	-98.181818
23.551402	-96.363636
23.551402	-94.545455
23.551402	-92.727273
23.551402	-90.909091
23.551402	-89.090909
23.551402	-87.272727
23.551402	-85.454545
23.551402	-83.636364
23.551402	-81.818182
23.551402	-80.0
23.551402	-78.181818
23.551402	-76.363636
23.551402	-74.545455
23.551402	-72.727273
23.551402	-70.909091
23.551402	-69.090909
23.551402	-67.272727
23.551402	-65.454545
23.551402	-63.636364
23.551402	-61.818182
23.551402	-60.0
23.551402	-58.181818
23.551402	-56.363636
23.551402	-54.545455
23.551402	-52.727273
23.551402	-50.909091
23.551402	-49.090909
23.551402	-47.272727
23.551402	-45.454545
23.551402	-43.636364
23.551402	-41.818182
23.551402	-40.0
23.551402	-38.181818
23.551402	-36.363636
23.551402	-34.545455
23.551402	-32.727273
23.551402	-30.909091
23.551402	-29.090909
23.551402	-27.272727
23.551402	-25.454545
23.551402	-23.636364
23.551402	-21.818182
23.551402	-20.0
23.551402	-18.181818
23.551402	-16.363636
23.551402	-14.545455
23.551402	-12.727273
23.551402	-10.909091
23.551402	-9.090909
23.551402	-7.272727
23.551402	-5.454545
23.551402	-3.636364
23.551402	-1.818182
23.551402	0.0
23.551402	1.818182
23.551402	3.636364
23.551402	5.454545
23.551402	7.272727
23.551402	9.090909
23.551402	10.909091
23.551402	12.727273
23.551402	14.545455
23.551402	16.363636
23.551402	18.181818
23.551402	20.0
23.551402	21.818182
23.551402	23.636364
23.551402	25.454545
23.551402	27.272727
23.551402	29.090909
23.551402	30.909091
23.551402	32.727273
23.551402	34.545455
23.551402	36.363636
23.551402	38.181818
23.551402	40.0
23.551402	41.818182
23.551402	43.636364
23.551402	45.454545
23.551402	47.272727
23.551402	49.090909
23.551402	50.909091
23.551402	52.727273
23.551402	54.545455
23.551402	56.363636
23.551402	58.181818
23.551402	60.0
23.551402	61.818182
23.551402	63.636364
23.551402	65.454545
23.551402	67.272727
23.551402	69.090909
23.551402	70.909091
23.551402	72.727273
23.551402	74.545455
23.551402	76.363636
23.551402	78.181818
23.551402	80.0
23.551402	81.818182
23.551402	83.636364
23.551402	85.454545
23.551402	87.272727
23.551402	89.090909
23.551402	90.909091
23.551402	92.727273
23.551402	94.545455
23.551402	96.363636
23.551402	98.181818
23.551402	100.0
23.551402	101.818182
23.551402	103.636364
23.551402	105.454545
23.551402	107.272727
23.551402	109.090909
23.551402	110.909091
23.551402	112.727273
23.551402	114.545455
23.551402	116.363636
23.551402	118.181818
23.551402	120.0
23.551402	121.818182
23.551402	123.636364
23.551402	125.454545
23.551402	127.272727
23.551402	129.090909
23.551402	130.909091
23.551402	132.727273
23.551402	134.545455
23.551402	136.363636
23.551402	138.181818
23.551402	140.0
23.551402	141.818182
23.551402	143.636364
23.551402	145.454545
23.551402	147.272727
23.551402	149.090909
23.551402	150.909091
23.551402	152.727273
23.551402	154.545455
23.551402	156.363636
23.551402	158.181818
23.551402	160.0
23.551402	161.818182
23.551402	163.636364
23.551402	165.454545
23.551402	167.272727
23.551402	169.090909
23.551402	170.909091
23.551402	172.727273
23.551402	174.545455
23.551402	176.363636
23.551402	178.181818
25.233645	-180.0
25.233645	-178.153846
25.233645	-176.307692
25.233645	-174.461538
25.233645	-172.615385
25.233645	-170.769231
25.233645	-168.923077
25.233645	-167.076923
25.233645	-165.230769
25.233645	-163.384615
25.233645	-161.538462
25.233645	-159.692308
25.233645	-157.846154
25.233645	-156.0
25.233645	-154.153846
25.233645	-152.307692
25.233645	-150.461538
25.233645	-148.615385
25.233645	-146.769231
25.233645	-144.923077
25.233645	-143.076923
25.233645	-141.230769
25.233645	-139.384615
25.233645	-137.538462
25.233645	-135.692308
25.233645	-133.846154
25.233645	-132.0
25.233645	-130.153846
25.233645	-128.307692
25.233645	-126.461538
25.233645	-124.615385
25.233645	-122.769231
25.233645	-120.923077
25.233645	-119.076923
25.233645	-117.230769
25.233645	-115.384615
25.233645	-113.538462
25.233645	-111.692308
25.233645	-109.846154
25.233645	-108.0
25.233645	-106.153846
25.233645	-104.307692
25.233645	-102.461538
25.233645	-100.615385
25.233645	-98.769231
25.233645	-96.923077
25.233645	-95.076923
25.233645	-93.230769
25.233645	-91.384615
25.233645	-89.538462
25.233645	-87.692308
25.233645	-85.846154
25.233645	-84.0
25.233645	-82.153846
25.233645	-80.307692
25.233645	-78.461538
25.233645	-76.615385
25.233645	-74.769231
25.233645	-72.923077
25.233645	-71.076923
25.233645	-69.230769
25.233645	-67.384615
25.233645	-65.538462
25.233645	-63.692308
25.233645	-61.846154
25.233645	-60.0
25.233645	-58.153846
25.233645	-56.307692
25.233645	-54.461538
25.233645	-52.615385
25.233645	-50.769231
25.233645	-48.923077
25.233645	-47.076923
25.233645	-45.230769
25.233645	-43.384615
25.233645	-41.538462
25.233645	-39.692308
25.233645	-37.846154
25.233645	-36.0
25.233645	-34.153846
25.233645	-32.307692
25.233645	-30.461538
25.233645	-28.615385
25.233645	-26.769231
25.233645	-24.923077
25.233645	-23.076923
25.233645	-21.230769
25.233645	-19.384615
25.233645	-17.538462
25.233645	-15.692308
25.233645	-13.846154
25.233645	-12.0
25.233645	-10.153846
25.233645	-8.307692
25.233645	-6.461538
25.233645	-4.615385
25.233645	-2.769231
25.233645	-0.923077
25.233645	0.923077
25.233645	2.769231
25.233645	4.615385
25.233645	6.461538
25.233645	8.307692
25.233645	10.153846
25.233645	12.0
25.233645	13.846154
25.233645	15.692308
25.233645	17.538462
25.233645	19.384615
25.233645	21.230769
25.233645	23.076923
25.233645	24.923077
25.233645	26.769231
25.233645	28.615385
25.233645	30.461538
25.233645	32.307692
25.233645	34.153846
25.233645	36.0
25.233645	37.846154
25.233645	39.692308
25.233645	41.538462
25.233645	43.384615
25.233645	45.230769
25.233645	47.076923
25.233645	48.923077
25.233645	50.769231
25.233645	52.615385
25.233645	54.461538
25.233645	56.307692
25.233645	58.153846
25.233645	60.0
25.233645	61.846154
25.233645	63.692308
25.233645	65.538462
25.233645	67.384615
25.233645	69.230769
25.233645	71.076923
25.233645	72.923077
25.233645	74.769231
25.233645	76.615385
25.233645	78.461538
25.233645	80.307692
25.233645	82.153846
25.233645	84.0
25.233645	85.846154
25.233645	87.692308
25.233645	89.538462
25.233645	91.384615
25.233645	93.230769
25.233645	95.076923
25.233645	96.923077
25.233645	98.769231
25.233645	100.615385
25.233645	102.461538
25.233645	104.307692
25.233645	106.153846
25.233645	108.0
25.233645	109.846154
25.233645	111.692308
25.233645	113.538462
25.233645	115.384615
25.233645	117.230769
25.233645	119.076923
25.233645	120.923077
25.233645	122.769231
25.233645	124.615385
25.233645	126.461538
25.233645	128.307692
25.233645	130.153846
25.233645	132.0
25.233645	133.846154
25.233645	135.692308
25.233645	137.538462
25.233645	139.384615
25.233645	141.230769
25.233645	143.076923
25.233645	144.923077
25.233645	146.769231
25.233645	148.615385
25.233645	150.461538
25.233645	152.307692
25.233645	154.153846
25.233645	156.0
25.233645	157.846154
25.233645	159.692308
25.233645	161.538462
25.233645	163.384615
25.233645	165.230769
25.233645	167.076923
25.233645	168.923077
25.233645	170.769231
25.233645	172.615385
25.233645	174.461538
25.233645	176.307692
25.233645	178.153846
26.915888	-180.0
26.915888	-178.134715
26.915888	-176.26943
26.915888	-174.404145
26.915888	-172.53886
26.915888	-170.673575
26.915888	-168.80829
26.915888	-166.943005
26.915888	-165.07772
26.915888	-163.212435
26.915888	-161.34715
26.915888	-159.481865
26.915888	-157.61658
26.915888	-155.751295
26.915888	-153.88601
26.915888	-152.020725
26.915888	-150.15544
26.915888	-148.290155
26.915888	-146.42487
26.915888	-144.559585
26.915888	-142.694301
26.915888	-140.829016
26.915888	-138.963731
26.915888	-137.098446
26.915888	-135.233161
26.915888	-133.367876
26.915888	-131.502591
26.915888	-129.637306
26.915888	-127.772021
26.915888	-125.906736
26.915888	-124.041451
26.915888	-122.176166
26.915888	-120.310881
26.915888	-118.445596
26.915888	-116.580311
26.915888	-114.715026
26.915888	-112.849741
26.915888	-110.984456
26.915888	-109.119171
26.915888	-107.253886
26.915888	-105.388601
26.915888	-103.523316
26.915888	-101.658031
26.915888	-99.792746
26.915888	-97.927461
26.915888	-96.062176
26.915888	-94.196891
26.915888	-92.331606
26.915888	-90.466321
26.915888	-88.601036
26.915888	-86.735751
26.915888	-84.870466
26.915888	-83.005181
26.915888	-81.139896
26.915888	-79.274611
26.915888	-77.409326
26.915888	-75.544041
26.915888	-73.678756
26.915888	-71.813472
26.915888	-69.948187
26.915888	-68.082902
26.915888	-66.217617
26.915888	-64.352332
26.915888	-62.487047
26.915888	-60.621762
26.915888	-58.756477
26.915888	-56.891192
26.915888	-55.025907
26.915888	-53.160622
26.915888	-51.295337
26.915888	-49.430052
26.915888	-47.564767
26.915888	-45.699482
26.915888	-43.834197
26.915888	-41.968912
26.915888	-40.103627
26.915888	-38.238342
26.915888	-36.373057
26.915888	-34.507772
26.915888	-32.642487
26.915888	-30.777202
26.915888	-28.911917
26.915888	-27.046632
26.915888	-25.181347
26.915888	-23.316062
26.915888	-21.450777
26.915888	-19.585492
26.915888	-17.720207
26.915888	-15.854922
26.915888	-13.989637
26.915888	-12.124352
26.915888	-10.259067
26.915888	-8.393782
26.915888	-6.528497
26.915888	-4.663212
26.915888	-2.797927
26.915888	-0.932642
26.915888	0.932642
26.915888	2.797927
26.915888	4.663212
26.915888	6.528497
26.915888	8.393782
26.915888	10.259067
26.915888	12.124352
26.915888	13.989637
26.915888	15.854922
26.915888	17.720207
26.915888	19.585492
26.915888	21.450777
26.915888	23.316062
26.915888	25.181347
26.915888	27.046632
26.915888	28.911917
26.915888	30.777202
26.915888	32.642487
26.915888	34.507772
26.915888	36.373057
26.915888	38.238342
26.915888	40.103627
26.915888	41.968912
26.915888	43.834197
26.915888	45.699482
26.915888	47.564767
26.915888	49.430052
26.915888	51.295337
26.915888	53.160622
26.915888	55.025907
26.915888	56.891192
26.915888	58.756477
26.915888	60.621762
26.915888	62.487047
26.915888	64.352332
26.915888	66.217617
26.915888	68.082902
26.915888	69.948187
26.915888	71.813472
26.915888	73.678756
26.915888	75.544041
26.915888	77.409326
26.915888	79.274611
26.915888	81.139896
26.915888	83.005181
26.915888	84.870466
26.915888	86.735751
26.915888	88.601036
26.915888	90.466321
26.915888	92.331606
26.915888	94.196891
26.915888	96.062176
26.915888	97.927461
26.915888	99.792746
26.915888	101.658031
26.915888	103.523316
26.915888	105.388601
26.915888	107.253886
26.915888	109.119171
26.915888	110.984456
26.915888	112.849741
26.915888	114.715026
26.915888	116.580311
26.915888	118.445596
26.915888	120.310881
26.915888	122.176166
26.915888	124.041451
26.915888	125.906736
26.915888	127.772021
26.915888	129.637306
26.915888	131.502591
26.915888	133.367876
26.915888	135.233161
26.915888	137.098446
26.915888	138.963731
26.915888	140.829016
26.915888	142.694301
26.915888	144.559585
26.915888	146.42487
26.915888	148.290155
26.915888	150.15544
26.915888	152.020725
26.915888	153.88601
26.915888	155.751295
26.915888	157.61658
26.915888	159.481865
26.915888	161.34715
26.915888	163.212435
26.915888	165.07772
26.915888	166.943005
26.915888	168.80829
26.915888	170.673575
26.915888	172.53886
26.915888	174.404145
26.915888	176.26943
26.915888	178.134715
28.598131	-180.0
28.598131	-178.105263
28.598131	-176.210526
28.598131	-174.315789
28.598131	-172.421053
28.598131	-170.526316
28.598131	-168.631579
28.598131	-166.736842
28.598131	-164.842105
28.598131	-162.947368
28.598131	-161.052632
28.598131	-159.157895
28.598131	-157.263158
28.598131	-155.368421
28.598131	-153.473684
28.598131	-151.578947
28.598131	-149.684211
28.598131	-147.789474
28.598131	-145.894737
28.598131	-144.0
28.598131	-142.105263
28.598131	-140.210526
28.598131	-138.315789
28.598131	-136.421053
28.598131	-134.526316
28.598131	-132.631579
28.598131	-130.736842
28.598131	-128.842105
28.598131	-126.947368
28.598131	-125.052632
28.598131	-123.157895
28.598131	-121.263158
28.598131	-119.368421
28.598131	-117.473684
28.598131	-115.578947
28.598131	-113.684211
28.598131	-111.789474
28.598131	-109.894737
28.598131	-108.0
28.598131	-106.105263
28.598131	-104.210526
28.598131	-102.315789
28.598131	-100.421053
28.598131	-98.526316
28.598131	-96.631579
28.598131	-94.736842
28.598131	-92.842105
28.598131	-90.947368
28.598131	-89.052632
28.598131	-87.157895
28.598131	-85.263158
28.598131	-83.368421
28.598131	-81.473684
28.598131	-79.578947
28.598131	-77.684211
28.598131	-75.789474
28.598131	-73.894737
28.598131	-72.0
28.598131	-70.105263
28.598131	-68.210526
28.598131	-66.315789
28.598131	-64.421053
28.598131	-62.526316
28.598131	-60.631579
28.598131	-58.736842
28.598131	-56.842105
28.598131	-54.947368
28.598131	-53.052632
28.598131	-51.157895
28.598131	-49.263158
28.598131	-47.368421
28.598131	-45.473684
28.598131	-43.578947
28.598131	-41.684211
28.598131	-39.789474
28.598131	-37.894737
28.598131	-36.0
28.598131	-34.105263
28.598131	-32.210526
28.598131	-30.315789
28.598131	-28.421053
28.598131	-26.526316
28.598131	-24.631579
28.598131	-22.736842
28.598131	-20.842105
28.598131	-18.947368
28.598131	-17.052632
28.598131	-15.157895
28.598131	-13.263158
28.598131	-11.368421
28.598131	-9.473684
28.598131	-7.578947
28.598131	-5.684211
28.598131	-3.789474
28.598131	-1.894737
28.598131	0.0
28.598131	1.894737
28.598131	3.789474
28.598131	5.684211
28.598131	7.578947
28.598131	9.473684
28.598131	11.368421
28.598131	13.263158
28.598131	15.157895
28.598131	17.052632
28.598131	18.947368
28.598131	20.842105
28.598131	22.736842
28.598131	24.631579
28.598131	26.526316
28.598131	28.421053
28.598131	30.315789
28.598131	32.210526
28.598131	34.105263
28.598131	36.0
28.598131	37.894737
28.598131	39.789474
28.598131	41.684211
28.598131	43.578947
28.598131	45.473684
28.598131	47.368421
28.598131	49.263158
28.598131	51.157895
28.598131	53.052632
28.598131	54.947368
28.598131	56.842105
28.598131	58.736842
28.598131	60.631579
28.598131	62.526316
28.598131	64.421053
28.598131	66.315789
28.598131	68.210526
28.598131	70.105263
28.598131	72.0
28.598131	73.894737
28.598131	75.789474
28.598131	77.684211
28.598131	79.578947
28.598131	81.473684
28.598131	83.368421
28.598131	85.263158
28.598131	87.157895
28.598131	89.052632
28.598131	90.947368
28.598131	92.842105
28.598131	94.736842
28.598131	96.631579
28.598131	98.526316
28.598131	100.421053
28.598131	102.315789
28.598131	104.210526
28.598131	106.105263
28.598131	108.0
28.598131	109.894737
28.598131	111.789474
28.598131	113.684211
28.598131	115.578947
28.598131	117.473684
28.598131	119.368421
28.598131	121.263158
28.598131	123.157895
28.598131	125.052632
28.598131	126.947368
28.598131	128.842105
28.598131	130.736842
28.598131	132.631579
28.598131	134.526316
28.598131	136.421053
28.598131	138.315789
28.598131	140.210526
28.598131	142.105263
28.598131	144.0
28.598131	145.894737
28.598131	147.789474
28.598131	149.684211
28.598131	151.578947
28.598131	153.473684
28.598131	155.368421
28.598131	157.263158
28.598131	159.157895
28.598131	161.052632
28.598131	162.947368
28.598131	164.842105
28.598131	166.736842
28.598131	168.631579
28.598131	170.526316
28.598131	172.421053
28.598131	174.315789
28.598131	176.210526
28.598131	178.105263
30.280374	-180.0
30.280374	-178.064516
30.280374	-176.129032
30.280374	-174.193548
30.280374	-172.258065
30.280374	-170.322581
30.280374	-168.387097
30.280374	-166.451613
30.280374	-164.516129
30.280374	-162.580645
30.280374	-160.645161
30.280374	-158.709677
30.280374	-156.774194
30.280374	-154.83871
30.280374	-152.903226
30.280374	-150.967742
30.280374	-149.032258
30.280374	-147.096774
30.280374	-145.16129
30.280374	-143.225806
30.280374	-141.290323
30.280374	-139.354839
30.280374	-137.419355
30.280374	-135.483871
30.280374	-133.548387
30.280374	-131.612903
30.280374	-129.677419
30.280374	-127.741935
30.280374	-125.806452
30.280374	-123.870968
30.280374	-121.935484
30.280374	-120.0
30.280374	-118.064516
30.280374	-116.129032
30.280374	-114.193548
30.280374	-112.258065
30.280374	-110.322581
30.280374	-108.387097
30.280374	-106.451613
30.280374	-104.516129
30.280374	-102.580645
30.280374	-100.645161
30.280374	-98.709677
30.280374	-96.774194
30.280374	-94.83871
30.280374	-92.903226
30.280374	-90.967742
30.280374	-89.032258
30.280374	-87.096774
30.280374	-85.16129
30.280374	-83.225806
30.280374	-81.290323
30.280374	-79.354839
30.280374	-77.419355
30.280374	-75.483871
30.280374	-73.548387
30.280374	-71.612903
30.280374	-69.677419
30.280374	-67.741935
30.280374	-65.806452
30.280374	-63.870968
30.280374	-61.935484
30.280374	-60.0
30.280374	-58.064516
30.280374	-56.129032
30.280374	-54.193548
30.280374	-52.258065
30.280374	-50.322581
30.280374	-48.387097
30.280374	-46.451613
30.280374	-44.516129
30.280374	-42.580645
30.280374	-40.645161
30.280374	-38.709677
30.280374	-36.774194
30.280374	-34.83871
30.280374	-32.903226
30.280374	-30.967742
30.280374	-29.032258
30.280374	-27.096774
30.280374	-25.16129
30.280374	-23.225806
30.280374	-21.290323
30.280374	-19.354839
30.280374	-17.419355
30.280374	-15.483871
30.280374	-13.548387
30.280374	-11.612903
30.280374	-9.677419
30.280374	-7.741935
30.280374	-5.806452
30.280374	-3.870968
30.280374	-1.935484
30.280374	-0.0
30.280374	1.935484
30.280374	3.870968
30.280374	5.806452
30.280374	7.741935
30.280374	9.677419
30.280374	11.612903
30.280374	13.548387
30.280374	15.483871
30.280374	17.419355
30.280374	19.354839
30.280374	21.290323
30.280374	23.225806
30.280374	25.16129
30.280374	27.096774
30.280374	29.032258
30.280374	30.967742
30.280374	32.903226
30.280374	34.83871
30.280374	36.774194
30.280374	38.709677
30.280374	40.645161
30.280374	42.580645
30.280374	44.516129
30.280374	46.451613
30.280374	48.387097
30.280374	50.322581
30.280374	52.258065
30.280374	54.193548
30.280374	56.129032
30.280374	58.064516
30.280374	60.0
30.280374	61.935484
30.280374	63.870968
30.280374	65.806452
30.280374	67.741935
30.280374	69.677419
30.280374	71.612903
30.280374	73.548387
30.280374	75.483871
30.280374	77.419355
30.280374	79.354839
30.280374	81.290323
30.280374	83.225806
30.280374	85.16129
30.280374	87.096774
30.280374	89.032258
30.280374	90.967742
30.280374	92.903226
30.280374	94.83871
30.280374	96.774194
30.280374	98.709677
30.280374	100.645161
30.280374	102.580645
30.280374	104.516129
30.280374	106.451613
30.280374	108.387097
30.280374	110.322581
30.280374	112.258065
30.280374	114.193548
30.280374	116.129032
30.280374	118.064516
30.280374	120.0
30.280374	121.935484
30.280374	123.870968
30.280374	125.806452
30.280374	127.741935
30.280374	129.677419
30.280374	131.612903
30.280374	133.548387
30.280374	135.483871
30.280374	137.419355
30.280374	139.354839
30.280374	141.290323
30.280374	143.225806
30.280374	145.16129
30.280374	147.096774
30.280374	149.032258
30.280374	150.967742
30.280374	152.903226
30.280374	154.83871
30.280374	156.774194
30.280374	158.709677
30.280374	160.645161
30.280374	162.580645
30.280374	164.516129
30.280374	166.451613
30.280374	168.387097
30.280374	170.322581
30.280374	172.258065
30.280374	174.193548
30.280374	176.129032
30.280374	178.064516
31.962617	-180.0
31.962617	-178.032787
31.962617	-176.065574
31.962617	-174.098361
31.962617	-172.131148
31.962617	-170.163934
31.962617	-168.196721
31.962617	-166.229508
31.962617	-164.262295
31.962617	-162.295082
31.962617	-160.327869
31.962617	-158.360656
31.962617	-156.393443
31.962617	-154.42623
31.962617	-152.459016
31.962617	-150.491803
31.962617	-148.52459
31.962617	-146.557377
31.962617	-144.590164
31.962617	-142.622951
31.962617	-140.655738
31.962617	-138.688525
31.962617	-136.721311
31.962617	-134.754098
31.962617	-132.786885
31.962617	-130.819672
31.962617	-128.852459
31.962617	-126.885246
31.962617	-124.918033
31.962617	-122.95082
31.962617	-120.983607
31.962617	-119.016393
31.962617	-117.04918
31.962617	-115.081967
31.962617	-113.114754
31.962617	-111.147541
31.962617	-109.180328
31.962617	-107.213115
31.962617	-105.245902
31.962617	-103.278689
31.962617	-101.311475
31.962617	-99.344262
31.962617	-97.377049
31.962617	-95.409836
31.962617	-93.442623
31.962617	-91.47541
31.962617	-89.508197
31.962617	-87.540984
31.962617	-85.57377
31.962617	-83.606557
31.962617	-81.639344
31.962617	-79.672131
31.962617	-77.704918
31.962617	-75.737705
31.962617	-73.770492
31.962617	-71.803279
31.962617	-69.836066
31.962617	-67.868852
31.962617	-65.901639
31.962617	-63.934426
31.962617	-61.967213
31.962617	-60.0
31.962617	-58.032787
31.962617	-56.065574
31.962617	-54.098361
31.962617	-52.131148
31.962617	-50.163934
31.962617	-48.196721
31.962617	-46.229508
31.962617	-44.262295
31.962617	-42.295082
31.962617	-40.327869
31.962617	-38.360656
31.962617	-36.393443
31.962617	-34.42623
31.962617	-32.459016
31.962617	-30.491803
31.962617	-28.52459
31.962617	-26.557377
31.962617	-24.590164
31.962617	-22.622951
31.962617	-20.655738
31.962617	-18.688525
31.962617	-16.721311
31.962617	-14.754098
31.962617	-12.786885
31.962617	-10.819672
31.962617	-8.852459
31.962617	-6.885246
31.962617	-4.918033
31.962617	-2.95082
31.962617	-0.983607
31.962617	0.983607
31.962617	2.95082
31.962617	4.918033
31.962617	6.885246
31.962617	8.852459
31.962617	10.819672
31.962617	12.786885
31.962617	14.754098
31.962617	16.721311
31.962617	18.688525
31.962617	20.655738
31.962617	22.622951
31.962617	24.590164
31.962617	26.557377
31.962617	28.52459
31.962617	30.491803
31.962617	32.459016
31.962617	34.42623
31.962617	36.393443
31.962617	38.360656
31.962617	40.327869
31.962617	42.295082
31.962617	44.262295
31.962617	46.229508
31.962617	48.196721
31.962617	50.163934
31.962617	52.131148
31.962617	54.098361
31.962617	56.065574
31.962617	58.032787
31.962617	60.0
31.962617	61.967213
31.962617	63.934426
31.962617	65.901639
31.962617	67.868852
31.962617	69.836066
31.962617	71.803279
31.962617	73.770492
31.962617	75.737705
31.962617	77.704918
31.962617	79.672131
31.962617	81.639344
31.962617	83.606557
31.962617	85.57377
31.962617	87.540984
31.962617	89.508197
31.962617	91.47541
31.962617	93.442623
31.962617	95.409836
31.962617	97.377049
31.962617	99.344262
31.962617	101.311475
31.962617	103.278689
31.962617	105.245902
31.962617	107.213115
31.962617	109.180328
31.962617	111.147541
31.962617	113.114754
31.962617	115.081967
31.962617	117.04918
31.962617	119.016393
31.962617	120.983607
31.962617	122.95082
31.962617	124.918033
31.962617	126.885246
31.962617	128.852459
31.962617	130.819672
31.962617	132.786885
31.962617	134.754098
31.962617	136.721311
31.962617	138.688525
31.962617	140.655738
31.962617	142.622951
31.962617	144.590164
31.962617	146.557377
31.962617	148.52459
31.962617	150.491803
31.962617	152.459016
31.962617	154.42623
31.962617	156.393443
31.962617	158.360656
31.962617	160.327869
31.962617	162.295082
31.962617	164.262295
31.962617	166.229508
31.962617	168.196721
31.962617	170.163934
31.962617	172.131148
31.962617	174.098361
31.962617	176.065574
31.962617	178.032787
33.64486	-180.0
33.64486	-178.0
33.64486	-176.0
33.64486	-174.0
33.64486	-172.0
33.64486	-170.0
33.64486	-168.0
33.64486	-166.0
33.64486	-164.0
33.64486	-162.0
33.64486	-160.0
33.64486	-158.0
33.64486	-156.0
33.64486	-154.0
33.64486	-152.0
33.64486	-150.0
33.64486	-148.0
33.64486	-146.0
33.64486	-144.0
33.64486	-142.0
33.64486	-140.0
33.64486	-138.0
33.64486	-136.0
33.64486	-134.0
33.64486	-132.0
33.64486	-130.0
33.64486	-128.0
33.64486	-126.0
33.64486	-124.0
33.64486	-122.0
33.64486	-120.0
33.64486	-118.0
33.64486	-116.0
33.64486	-114.0
33.64486	-112.0
33.64486	-110.0
33.64486	-108.0
33.64486	-106.0
33.64486	-104.0
33.64486	-102.0
33.64486	-100.0
33.64486	-98.0
33.64486	-96.0
33.64486	-94.0
33.64486	-92.0
33.64486	-90.0
33.64486	-88.0
33.64486	-86.0
33.64486	-84.0
33.64486	-82.0
33.64486	-80.0
33.64486	-78.0
33.64486	-76.0
33.64486	-74.0
33.64486	-72.0
33.64486	-70.0
33.64486	-68.0
33.64486	-66.0
33.64486	-64.0
33.64486	-62.0
33.64486	-60.0
33.64486	-58.0
33.64486	-56.0
33.64486	-54.0
33.64486	-52.0
33.64486	-50.0
33.64486	-48.0
33.64486	-46.0
33.64486	-44.0
33.64486	-42.0
33.64486	-40.0
33.64486	-38.0
33.64486	-36.0
33.64486	-34.0
33.64486	-32.0
33.64486	-30.0
33.64486	-28.0
33.64486	-26.0
33.64486	-24.0
33.64486	-22.0
33.64486	-20.0
33.64486	-18.0
33.64486	-16.0
33.64486	-14.0
33.64486	-12.0
33.64486	-10.0
33.64486	-8.0
33.64486	-6.0
33.64486	-4.0
33.64486	-2.0
33.64486	0.0
33.64486	2.0
33.64486	4.0
33.64486	6.0
33.64486	8.0
33.64486	10.0
33.64486	12.0
33.64486	14.0
33.64486	16.0
33.64486	18.0
33.64486	20.0
33.64486	22.0
33.64486	24.0
33.64486	26.0
33.64486	28.0
33.64486	30.0
33.64486	32.0
33.64486	34.0
33.64486	36.0
33.64486	38.0
33.64486	40.0
33.64486	42.0
33.64486	44.0
33.64486	46.0
33.64486	48.0
33.64486	50.0
33.64486	52.0
33.64486	54.0
33.64486	56.0
33.64486	58.0
33.64486	60.0
33.64486	62.0
33.64486	64.0
33.64486	66.0
33.64486	68.0
33.64486	70.0
33.64486	72.0
33.64486	74.0
33.64486	76.0
33.64486	78.0
33.64486	80.0
33.64486	82.0
33.64486	84.0
33.64486	86.0
33.64486	88.0
33.64486	90.0
33.64486	92.0
33.64486	94.0
33.64486	96.0
33.64486	98.0
33.64486	100.0
33.64486	102.0
33.64486	104.0
33.64486	106.0
33.64486	108.0
33.64486	110.0
33.64486	112.0
33.64486	114.0
33.64486	116.0
33.64486	118.0
33.64486	120.0
33.64486	122.0
33.64486	124.0
33.64486	126.0
33.64486	128.0
33.64486	130.0
33.64486	132.0
33.64486	134.0
33.64486	136.0
33.64486	138.0
33.64486	140.0
33.64486	142.0
33.64486	144.0
33.64486	146.0
33.64486	148.0
33.64486	150.0
33.64486	152.0
33.64486	154.0
33.64486	156.0
33.64486	158.0
33.64486	160.0
33.64486	162.0
33.64486	164.0
33.64486	166.0
33.64486	168.0
33.64486	170.0
33.64486	172.0
33.64486	174.0
33.64486	176.0
33.64486	178.0
35.327103	-180.0
35.327103	-177.954545
35.327103	-175.909091
35.327103	-173.863636
35.327103	-171.818182
35.327103	-169.772727
35.327103	-167.727273
35.327103	-165.681818
35.327103	-163.636364
35.327103	-161.590909
35.327103	-159.545455
35.327103	-157.5
35.327103	-155.454545
35.327103	-153.409091
35.327103	-151.363636
35.327103	-149.318182
35.327103	-147.272727
35.327103	-145.227273
35.327103	-143.181818
35.327103	-141.136364
35.327103	-139.090909
35.327103	-137.045455
35.327103	-135.0
35.327103	-132.954545
35.327103	-130.909091
35.327103	-128.863636
35.327103	-126.818182
35.327103	-124.772727
35.327103	-122.727273
35.327103	-120.681818
35.327103	-118.636364
35.327103	-116.590909
35.327103	-114.545455
35.327103	-112.5
35.327103	-110.454545
35.327103	-108.409091
35.327103	-106.363636
35.327103	-104.318182
35.327103	-102.272727
35.327103	-100.227273
35.327103	-98.181818
35.327103	-96.136364
35.327103	-94.090909
35.327103	-92.045455
35.327103	-90.0
35.327103	-87.954545
35.327103	-85.909091
35.327103	-83.863636
35.327103	-81.818182
35.327103	-79.772727
35.327103	-77.727273
35.327103	-75.681818
35.327103	-73.636364
35.327103	-71.590909
35.327103	-69.545455
35.327103	-67.5
35.327103	-65.454545
35.327103	-63.409091
35.327103	-61.363636
35.327103	-59.318182
35.327103	-57.272727
35.327103	-55.227273
35.327103	-53.181818
35.327103	-51.136364
35.327103	-49.090909
35.327103	-47.045455
35.327103	-45.0
35.327103	-42.954545
35.327103	-40.909091
35.327103	-38.863636
35.327103	-36.818182
35.327103	-34.772727
35.327103	-32.727273
35.327103	-30.681818
35.327103	-28.636364
35.327103	-26.590909
35.327103	-24.545455
35.327103	-22.5
35.327103	-20.454545
35.327103	-18.409091
35.327103	-16.363636
35.327103	-14.318182
35.327103	-12.272727
35.327103	-10.227273
35.327103	-8.181818
35.327103	-6.136364
35.327103	-4.090909
35.327103	-2.045455
35.327103	-0.0
35.327103	2.045455
35.327103	4.090909
35.327103	6.136364
35.327103	8.181818
35.327103	10.227273
35.327103	12.272727
35.327103	14.318182
35.327103	16.363636
35.327103	18.409091
35.327103	20.454545
35.327103	22.5
35.327103	24.545455
35.327103	26.590909
35.327103	28.636364
35.327103	30.681818
35.327103	32.727273
35.327103	34.772727
35.327103	36.818182
35.327103	38.863636
35.327103	40.909091
35.327103	42.954545
35.327103	45.0
35.327103	47.045455
35.327103	49.090909
35.327103	51.136364
35.327103	53.181818
35.327103	55.227273
35.327103	57.272727
35.327103	59.318182
35.327103	61.363636
35.327103	63.409091
35.327103	65.454545
35.327103	67.5
35.327103	69.545455
35.327103	71.590909
35.327103	73.636364
35.327103	75.681818
35.327103	77.727273
35.327103	79.772727
35.327103	81.818182
35.327103	83.863636
35.327103	85.909091
35.327103	87.954545
35.327103	90.0
35.327103	92.045455
35.327103	94.090909
35.327103	96.136364
35.327103	98.181818
35.327103	100.227273
35.327103	102.272727
35.327103	104.318182
35.327103	106.363636
35.327103	108.409091
35.327103	110.454545
35.327103	112.5
35.327103	114.545455
35.327103	116.590909
35.327103	118.636364
35.327103	120.681818
35.327103	122.727273
35.327103	124.772727
35.327103	126.818182
35.327103	128.863636
35.327103	130.909091
35.327103	132.954545
35.327103	135.0
35.327103	137.045455
35.327103	139.090909
35.327103	141.136364
35.327103	143.181818
35.327103	145.227273
35.327103	147.272727
35.327103	149.318182
35.327103	151.363636
35.327103	153.409091
35.327103	155.454545
35.327103	157.5
35.327103	159.545455
35.327103	161.590909
35.327103	163.636364
35.327103	165.681818
35.327103	167.727273
35.327103	169.772727
35.327103	171.818182
35.327103	173.863636
35.327103	175.909091
35.327103	177.954545
37.009346	-180.0
37.009346	-177.906977
37.009346	-175.813953
37.009346	-173.72093
37.009346	-171.627907
37.009346	-169.534884
37.009346	-167.44186
37.009346	-165.348837
37.009346	-163.255814
37.009346	-161.162791
37.009346	-159.069767
37.009346	-156.976744
37.009346	-154.883721
37.009346	-152.790698
37.009346	-150.697674
37.009346	-148.604651
37.009346	-146.511628
37.009346	-144.418605
37.009346	-142.325581
37.009346	-140.232558
37.009346	-138.139535
37.009346	-136.046512
37.009346	-133.953488
37.009346	-131.860465
37.009346	-129.767442
37.009346	-127.674419
37.009346	-125.581395
37.009346	-123.488372
37.009346	-121.395349
37.009346	-119.302326
37.009346	-117.209302
37.009346	-115.116279
37.009346	-113.023256
37.009346	-110.930233
37.009346	-108.837209
37.009346	-106.744186
37.009346	-104.651163
37.009346	-102.55814
37.009346	-100.465116
37.009346	-98.372093
37.009346	-96.27907
37.009346	-94.186047
37.009346	-92.093023
37.009346	-90.0
37.009346	-87.906977
37.009346	-85.813953
37.009346	-83.72093
37.009346	-81.627907
37.009346	-79.534884
37.009346	-77.44186
37.009346	-75.348837
37.009346	-73.255814
37.009346	-71.162791
37.009346	-69.069767
37.009346	-66.976744
37.009346	-64.883721
37.009346	-62.790698
37.009346	-60.697674
37.009346	-58.604651
37.009346	-56.511628
37.009346	-54.418605
37.009346	-52.325581
37.009346	-50.232558
37.009346	-48.139535
37.009346	-46.046512
37.009346	-43.953488
37.009346	-41.860465
37.009346	-39.767442
37.009346	-37.674419
37.009346	-35.581395
37.009346	-33.488372
37.009346	-31.395349
37.009346	-29.302326
37.009346	-27.209302
37.009346	-25.116279
37.009346	-23.023256
37.009346	-20.930233
37.009346	-18.837209
37.009346	-16.744186
37.009346	-14.651163
37.009346	-12.55814
37.009346	-10.465116
37.009346	-8.372093
37.009346	-6.27907
37.009346	-4.186047
37.009346	-2.093023
37.009346	0.0
37.009346	2.093023
37.009346	4.186047
37.009346	6.27907
37.009346	8.372093
37.009346	10.465116
37.009346	12.55814
37.009346	14.651163
37.009346	16.744186
37.009346	18.837209
37.009346	20.930233
37.009346	23.023256
37.009346	25.116279
37.009346	27.209302
37.009346	29.302326
37.009346	31.395349
37.009346	33.488372
37.009346	35.581395
37.009346	37.674419
37.009346	39.767442
37.009346	41.860465
37.009346	43.953488
37.009346	46.046512
37.009346	48.139535
37.009346	50.232558
37.009346	52.325581
37.009346	54.418605
37.009346	56.511628
37.009346	58.604651
37.009346	60.697674
37.009346	62.790698
37.009346	64.883721
37.009346	66.976744
37.009346	69.069767
37.009346	71.162791
37.009346	73.255814
37.009346	75.348837
37.009346	77.44186
37.009346	79.534884
37.009346	81.627907
37.009346	83.72093
37.009346	85.813953
37.009346	87.906977
37.009346	90.0
37.009346	92.093023
37.009346	94.186047
37.009346	96.27907
37.009346	98.372093
37.009346	100.465116
37.009346	102.55814
37.009346	104.651163
37.009346	106.744186
37.009346	108.837209
37.009346	110.930233
37.009346	113.023256
37.009346	115.116279
37.009346	117.209302
37.009346	119.302326
37.009346	121.395349
37.009346	123.488372
37.009346	125.581395
37.009346	127.674419
37.009346	129.767442
37.009346	131.860465
37.009346	133.953488
37.009346	136.046512
37.009346	138.139535
37.009346	140.232558
37.009346	142.325581
37.009346	144.418605
37.009346	146.511628
37.009346	148.604651
37.009346	150.697674
37.009346	152.790698
37.009346	154.883721
37.009346	156.976744
37.009346	159.069767
37.009346	161.162791
37.009346	163.255814
37.009346	165.348837
37.009346	167.44186
37.009346	169.534884
37.009346	171.627907
37.009346	173.72093
37.009346	175.813953
37.009346	177.906977
38.691589	-180.0
38.691589	-177.869822
38.691589	-175.739645
38.691589	-173.609467
38.691589	-171.47929
38.691589	-169.349112
38.691589	-167.218935
38.691589	-165.088757
38.691589	-162.95858
38.691589	-160.828402
38.691589	-158.698225
38.691589	-156.568047
38.691589	-154.43787
38.691589	-152.307692
38.691589	-150.177515
38.691589	-148.047337
38.691589	-145.91716
38.691589	-143.786982
38.691589	-141.656805
38.691589	-139.526627
38.691589	-137.39645
38.691589	-135.266272
38.691589	-133.136095
38.691589	-131.005917
38.691589	-128.87574
38.691589	-126.745562
38.691589	-124.615385
38.691589	-122.485207
38.691589	-120.35503
38.691589	-118.224852
38.691589	-116.094675
38.691589	-113.964497
38.691589	-111.83432
38.691589	-109.704142
38.691589	-107.573964
38.691589	-105.443787
38.691589	-103.313609
38.691589	-101.183432
38.691589	-99.053254
38.691589	-96.923077
38.691589	-94.792899
38.691589	-92.662722
38.691589	-90.532544
38.691589	-88.402367
38.691589	-86.272189
38.691589	-84.142012
38.691589	-82.011834
38.691589	-79.881657
38.691589	-77.751479
38.691589	-75.621302
38.691589	-73.491124
38.691589	-71.360947
38.691589	-69.230769
38.691589	-67.100592
38.691589	-64.970414
38.691589	-62.840237
38.691589	-60.710059
38.691589	-58.579882
38.691589	-56.449704
38.691589	-54.319527
38.691589	-52.189349
38.691589	-50.059172
38.691589	-47.928994
38.691589	-45.798817
38.691589	-43.668639
38.691589	-41.538462
38.691589	-39.408284
38.691589	-37.278107
38.691589	-35.147929
38.691589	-33.017751
38.691589	-30.887574
38.691589	-28.757396
38.691589	-26.627219
38.691589	-24.497041
38.691589	-22.366864
38.691589	-20.236686
38.691589	-18.106509
38.691589	-15.976331
38.691589	-13.846154
38.691589	-11.715976
38.691589	-9.585799
38.691589	-7.455621
38.691589	-5.325444
38.691589	-3.195266
38.691589	-1.065089
38.691589	1.065089
38.691589	3.195266
38.691589	5.325444
38.691589	7.455621
38.691589	9.585799
38.691589	11.715976
38.691589	13.846154
38.691589	15.976331
38.691589	18.106509
38.691589	20.236686
38.691589	22.366864
38.691589	24.497041
38.691589	26.627219
38.691589	28.757396
38.691589	30.887574
38.691589	33.017751
38.691589	35.147929
38.691589	37.278107
38.691589	39.408284
38.691589	41.538462
38.691589	43.668639
38.691589	45.798817
38.691589	47.928994
38.691589	50.059172
38.691589	52.189349
38.691589	54.319527
38.691589	56.449704
38.691589	58.579882
38.691589	60.710059
38.691589	62.840237
38.691589	64.970414
38.691589	67.100592
38.691589	69.230769
38.691589	71.360947
38.691589	73.491124
38.691589	75.621302
38.691589	77.751479
38.691589	79.881657
38.691589	82.011834
38.691589	84.142012
38.691589	86.272189
38.691589	88.402367
38.691589	90.532544
38.691589	92.662722
38.691589	94.792899
38.691589	96.923077
38.691589	99.053254
38.691589	101.183432
38.691589	103.313609
38.691589	105.443787
38.691589	107.573964
38.691589	109.704142
38.691589	111.83432
38.691589	113.964497
38.691589	116.094675
38.691589	118.224852
38.691589	120.35503
38.691589	122.485207
38.691589	124.615385
38.691589	126.745562
38.691589	128.87574
38.691589	131.005917
38.691589	133.136095
38.691589	135.266272
38.691589	137.39645
38.691589	139.526627
38.691589	141.656805
38.691589	143.786982
38.691589	145.91716
38.691589	148.047337
38.691589	150.177515
38.691589	152.307692
38.691589	154.43787
38.691589	156.568047
38.691589	158.698225
38.691589	160.828402
38.691589	162.95858
38.691589	165.088757
38.691589	167.218935
38.691589	169.349112
38.691589	171.47929
38.691589	173.609467
38.691589	175.739645
38.691589	177.869822
40.373832	-180.0
40.373832	-177.818182
40.373832	-175.636364
40.373832	-173.454545
40.373832	-171.272727
40.373832	-169.090909
40.373832	-166.909091
40.373832	-164.727273
40.373832	-162.545455
40.373832	-160.363636
40.373832	-158.181818
40.373832	-156.0
40.373832	-153.818182
40.373832	-151.636364
40.373832	-149.454545
40.373832	-147.272727
40.373832	-145.090909
40.373832	-142.909091
40.373832	-140.727273
40.373832	-138.545455
40.373832	-136.363636
40.373832	-134.181818
40.373832	-132.0
40.373832	-129.818182
40.373832	-127.636364
40.373832	-125.454545
40.373832	-123.272727
40.373832	-121.090909
40.373832	-118.909091
40.373832	-116.727273
40.373832	-114.545455
40.373832	-112.363636
40.373832	-110.181818
40.373832	-108.0
40.373832	-105.818182
40.373832	-103.636364
40.373832	-101.454545
40.373832	-99.272727
40.373832	-97.090909
40.373832	-94.909091
40.373832	-92.727273
40.373832	-90.545455
40.373832	-88.363636
40.373832	-86.181818
40.373832	-84.0
40.373832	-81.818182
40.373832	-79.636364
40.373832	-77.454545
40.373832	-75.272727
40.373832	-73.090909
40.373832	-70.909091
40.373832	-68.727273
40.373832	-66.545455
40.373832	-64.363636
40.373832	-62.181818
40.373832	-60.0
40.373832	-57.818182
40.373832	-55.636364
40.373832	-53.454545
40.373832	-51.272727
40.373832	-49.090909
40.373832	-46.909091
40.373832	-44.727273
40.373832	-42.545455
40.373832	-40.363636
40.373832	-38.181818
40.373832	-36.0
40.373832	-33.818182
40.373832	-31.636364
40.373832	-29.454545
40.373832	-27.272727
40.373832	-25.090909
40.373832	-22.909091
40.373832	-20.727273
40.373832	-18.545455
40.373832	-16.363636
40.373832	-14.181818
40.373832	-12.0
40.373832	-9.818182
40.373832	-7.636364
40.373832	-5.454545
40.373832	-3.272727
40.373832	-1.090909
40.373832	1.090909
40.373832	3.272727
40.373832	5.454545
40.373832	7.636364
40.373832	9.818182
40.373832	12.0
40.373832	14.181818
40.373832	16.363636
40.373832	18.545455
40.373832	20.727273
40.373832	22.909091
40.373832	25.090909
40.373832	27.272727
40.373832	29.454545
40.373832	31.636364
40.373832	33.818182
40.373832	36.0
40.373832	38.181818
40.373832	40.363636
40.373832	42.545455
40.373832	44.727273
40.373832	46.909091
40.373832	49.090909
40.373832	51.272727
40.373832	53.454545
40.373832	55.636364
40.373832	57.818182
40.373832	60.0
40.373832	62.181818
40.373832	64.363636
40.373832	66.545455
40.373832	68.727273
40.373832	70.909091
40.373832	73.090909
40.373832	75.272727
40.373832	77.454545
40.373832	79.636364
40.373832	81.818182
40.373832	84.0
40.373832	86.181818
40.373832	88.363636
40.373832	90.545455
40.373832	92.727273
40.373832	94.909091
40.373832	97.090909
40.373832	99.272727
40.373832	101.454545
40.373832	103.636364
40.373832	105.818182
40.373832	108.0
40.373832	110.181818
40.373832	112.363636
40.373832	114.545455
40.373832	116.727273
40.373832	118.909091
40.373832	121.090909
40.373832	123.272727
40.373832	125.454545
40.373832	127.636364
40.373832	129.818182
40.373832	132.0
40.373832	134.181818
40.373832	136.363636
40.373832	138.545455
40.373832	140.727273
40.373832	142.909091
40.373832	145.090909
40.373832	147.272727
40.373832	149.454545
40.373832	151.636364
40.373832	153.818182
40.373832	156.0
40.373832	158.181818
40.373832	160.363636
40.373832	162.545455
40.373832	164.727273
40.373832	166.909091
40.373832	169.090909
40.373832	171.272727
40.373832	173.454545
40.373832	175.636364
40.373832	177.818182
42.056075	-180.0
42.056075	-177.75
42.056075	-175.5
42.056075	-173.25
42.056075	-171.0
42.056075	-168.75
42.056075	-166.5
42.056075	-164.25
42.056075	-162.0
42.056075	-159.75
42.056075	-157.5
42.056075	-155.25
42.056075	-153.0
42.056075	-150.75
42.056075	-148.5
42.056075	-146.25
42.056075	-144.0
42.056075	-141.75
42.056075	-139.5
42.056075	-137.25
42.056075	-135.0
42.056075	-132.75
42.056075	-130.5
42.056075	-128.25
42.056075	-126.0
42.056075	-123.75
42.056075	-121.5
42.056075	-119.25
42.056075	-117.0
42.056075	-114.75
42.056075	-112.5
42.056075	-110.25
42.056075	-108.0
42.056075	-105.75
42.056075	-103.5
42.056075	-101.25
42.056075	-99.0
42.056075	-96.75
42.056075	-94.5
42.056075	-92.25
42.056075	-90.0
42.056075	-87.75
42.056075	-85.5
42.056075	-83.25
42.056075	-81.0
42.056075	-78.75
42.056075	-76.5
42.056075	-74.25
42.056075	-72.0
42.056075	-69.75
42.056075	-67.5
42.056075	-65.25
42.056075	-63.0
42.056075	-60.75
42.056075	-58.5
42.056075	-56.25
42.056075	-54.0
42.056075	-51.75
42.056075	-49.5
42.056075	-47.25
42.056075	-45.0
42.056075	-42.75
42.056075	-40.5
42.056075	-38.25
42.056075	-36.0
42.056075	-33.75
42.056075	-31.5
42.056075	-29.25
42.056075	-27.0
42.056075	-24.75
42.056075	-22.5
42.056075	-20.25
42.056075	-18.0
42.056075	-15.75
42.056075	-13.5
42.056075	-11.25
42.056075	-9.0
42.056075	-6.75
42.056075	-4.5
42.056075	-2.25
42.056075	0.0
42.056075	2.25
42.056075	4.5
42.056075	6.75
42.056075	9.0
42.056075	11.25
42.056075	13.5
42.056075	15.75
42.056075	18.0
42.056075	20.25
42.056075	22.5
42.056075	24.75
42.056075	27.0
42.056075	29.25
42.056075	31.5
42.056075	33.75
42.056075	36.0
42.056075	38.25
42.056075	40.5
42.056075	42.75
42.056075	45.0
42.056075	47.25
42.056075	49.5
42.056075	51.75
42.056075	54.0
42.056075	56.25
42.056075	58.5
42.056075	60.75
42.056075	63.0
42.056075	65.25
42.056075	67.5
42.056075	69.75
42.056075	72.0
42.056075	74.25
42.056075	76.5
42.056075	78.75
42.056075	81.0
42.056075	83.25
42.056075	85.5
42.056075	87.75
42.056075	90.0
42.056075	92.25
42.056075	94.5
42.056075	96.75
42.056075	99.0
42.056075	101.25
42.056075	103.5
42.056075	105.75
42.056075	108.0
42.056075	110.25
42.056075	112.5
42.056075	114.75
42.056075	117.0
42.056075	119.25
42.056075	121.5
42.056075	123.75
42.056075	126.0
42.056075	128.25
42.056075	130.5
42.056075	132.75
42.056075	135.0
42.056075	137.25
42.056075	139.5
42.056075	141.75
42.056075	144.0
42.056075	146.25
42.056075	148.5
42.056075	150.75
42.056075	153.0
42.056075	155.25
42.056075	157.5
42.056075	159.75
42.056075	162.0
42.056075	164.25
42.056075	166.5
42.056075	168.75
42.056075	171.0
42.056075	173.25
42.056075	175.5
42.056075	177.75
43.738318	-180.0
43.738318	-177.692308
43.738318	-175.384615
43.738318	-173.076923
43.738318	-170.769231
43.738318	-168.461538
43.738318	-166.153846
43.738318	-163.846154
43.738318	-161.538462
43.738318	-159.230769
43.738318	-156.923077
43.738318	-154.615385
43.738318	-152.307692
43.738318	-150.0
43.738318	-147.692308
43.738318	-145.384615
43.738318	-143.076923
43.738318	-140.769231
43.738318	-138.461538
43.738318	-136.153846
43.738318	-133.846154
43.738318	-131.538462
43.738318	-129.230769
43.738318	-126.923077
43.738318	-124.615385
43.738318	-122.307692
43.738318	-120.0
43.738318	-117.692308
43.738318	-115.384615
43.738318	-113.076923
43.738318	-110.769231
43.738318	-108.461538
43.738318	-106.153846
43.738318	-103.846154
43.738318	-101.538462
43.738318	-99.230769
43.738318	-96.923077
43.738318	-94.615385
43.738318	-92.307692
43.738318	-90.0
43.738318	-87.692308
43.738318	-85.384615
43.738318	-83.076923
43.738318	-80.769231
43.738318	-78.461538
43.738318	-76.153846
43.738318	-73.846154
43.738318	-71.538462
43.738318	-69.230769
43.738318	-66.923077
43.738318	-64.615385
43.738318	-62.307692
43.738318	-60.0
43.738318	-57.692308
43.738318	-55.384615
43.738318	-53.076923
43.738318	-50.769231
43.738318	-48.461538
43.738318	-46.153846
43.738318	-43.846154
43.738318	-41.538462
43.738318	-39.230769
43.738318	-36.923077
43.738318	-34.615385
43.738318	-32.307692
43.738318	-30.0
43.738318	-27.692308
43.738318	-25.384615
43.738318	-23.076923
43.738318	-20.769231
43.738318	-18.461538
43.738318	-16.153846
43.738318	-13.846154
43.738318	-11.538462
43.738318	-9.230769
43.738318	-6.923077
43.738318	-4.615385
43.738318	-2.307692
43.738318	0.0
43.738318	2.307692
43.738318	4.615385
43.738318	6.923077
43.738318	9.230769
43.738318	11.538462
43.738318	13.846154
43.738318	16.153846
43.738318	18.461538
43.738318	20.769231
43.738318	23.076923
43.738318	25.384615
43.738318	27.692308
43.738318	30.0
43.738318	32.307692
43.738318	34.615385
43.738318	36.923077
43.738318	39.230769
43.738318	41.538462
43.738318	43.846154
43.738318	46.153846
43.738318	48.461538
43.738318	50.769231
43.738318	53.076923
43.738318	55.384615
43.738318	57.692308
43.738318	60.0
43.738318	62.307692
43.738318	64.615385
43.738318	66.923077
43.738318	69.230769
43.738318	71.538462
43.738318	73.846154
43.738318	76.153846
43.738318	78.461538
43.738318	80.769231
43.738318	83.076923
43.738318	85.384615
43.738318	87.692308
43.738318	90.0
43.738318	92.307692
43.738318	94.615385
43.738318	96.923077
43.738318	99.230769
43.738318	101.538462
43.738318	103.846154
43.738318	106.153846
43.738318	108.461538
43.738318	110.769231
43.738318	113.076923
43.738318	115.384615
43.738318	117.692308
43.738318	120.0
43.738318	122.307692
43.738318	124.615385
43.738318	126.923077
43.738318	129.230769
43.738318	131.538462
43.738318	133.846154
43.738318	136.153846
43.738318	138.461538
43.738318	140.769231
43.738318	143.076923
43.738318	145.384615
43.738318	147.692308
43.738318	150.0
43.738318	152.307692
43.738318	154.615385
43.738318	156.923077
43.738318	159.230769
43.738318	161.538462
43.738318	163.846154
43.738318	166.153846
43.738318	168.461538
43.738318	170.769231
43.738318	173.076923
43.738318	175.384615
43.738318	177.692308
45.420561	-180.0
45.420561	-177.631579
45.420561	-175.263158
45.420561	-172.894737
45.420561	-170.526316
45.420561	-168.157895
45.420561	-165.789474
45.420561	-163.421053
45.420561	-161.052632
45.420561	-158.684211
45.420561	-156.315789
45.420561	-153.947368
45.420561	-151.578947
45.420561	-149.210526
45.420561	-146.842105
45.420561	-144.473684
45.420561	-142.105263
45.420561	-139.736842
45.420561	-137.368421
45.420561	-135.0
45.420561	-132.631579
45.420561	-130.263158
45.420561	-127.894737
45.420561	-125.526316
45.420561	-123.157895
45.420561	-120.789474
45.420561	-118.421053
45.420561	-116.052632
45.420561	-113.684211
45.420561	-111.315789
45.420561	-108.947368
45.420561	-106.578947
45.420561	-104.210526
45.420561	-101.842105
45.420561	-99.473684
45.420561	-97.105263
45.420561	-94.736842
45.420561	-92.368421
45.420561	-90.0
45.420561	-87.631579
45.420561	-85.263158
45.420561	-82.894737
45.420561	-80.526316
45.420561	-78.157895
45.420561	-75.789474
45.420561	-73.421053
45.420561	-71.052632
45.420561	-68.684211
45.420561	-66.315789
45.420561	-63.947368
45.420561	-61.578947
45.420561	-59.210526
45.420561	-56.842105
45.420561	-54.473684
45.420561	-52.105263
45.420561	-49.736842
45.420561	-47.368421
45.420561	-45.0
45.420561	-42.631579
45.420561	-40.263158
45.420561	-37.894737
45.420561	-35.526316
45.420561	-33.157895
45.420561	-30.789474
45.420561	-28.421053
45.420561	-26.052632
45.420561	-23.684211
45.420561	-21.315789
45.420561	-18.947368
45.420561	-16.578947
45.420561	-14.210526
45.420561	-11.842105
45.420561	-9.473684
45.420561	-7.105263
45.420561	-4.736842
45.420561	-2.368421
45.420561	0.0
45.420561	2.368421
45.420561	4.736842
45.420561	7.105263
45.420561	9.473684
45.420561	11.842105
45.420561	14.210526
45.420561	16.578947
45.420561	18.947368
45.420561	21.315789
45.420561	23.684211
45.420561	26.052632
45.420561	28.421053
45.420561	30.789474
45.420561	33.157895
45.420561	35.526316
45.420561	37.894737
45.420561	40.263158
45.420561	42.631579
45.420561	45.0
45.420561	47.368421
45.420561	49.736842
45.420561	52.105263
45.420561	54.473684
45.420561	56.842105
45.420561	59.210526
45.420561	61.578947
45.420561	63.947368
45.420561	66.315789
45.420561	68.684211
45.420561	71.052632
45.420561	73.421053
45.420561	75.789474
45.420561	78.157895
45.420561	80.526316
45.420561	82.894737
45.420561	85.263158
45.420561	87.631579
45.420561	90.0
45.420561	92.368421
45.420561	94.736842
45.420561	97.105263
45.420561	99.473684
45.420561	101.842105
45.420561	104.210526
45.420561	106.578947
45.420561	108.947368
45.420561	111.315789
45.420561	113.684211
45.420561	116.052632
45.420561	118.421053
45.420561	120.789474
45.420561	123.157895
45.420561	125.526316
45.420561	127.894737
45.420561	130.263158
45.420561	132.631579
45.420561	135.0
45.420561	137.368421
45.420561	139.736842
45.420561	142.105263
45.420561	144.473684
45.420561	146.842105
45.420561	149.210526
45.420561	151.578947
45.420561	153.947368
45.420561	156.315789
45.420561	158.684211
45.420561	161.052632
45.420561	163.421053
45.420561	165.789474
45.420561	168.157895
45.420561	170.526316
45.420561	172.894737
45.420561	175.263158
45.420561	177.631579
47.102804	-180.0
47.102804	-177.55102
47.102804	-175.102041
47.102804	-172.653061
47.102804	-170.204082
47.102804	-167.755102
47.102804	-165.306122
47.102804	-162.857143
47.102804	-160.408163
47.102804	-157.959184
47.102804	-155.510204
47.102804	-153.061224
47.102804	-150.612245
47.102804	-148.163265
47.102804	-145.714286
47.102804	-143.265306
47.102804	-140.816327
47.102804	-138.367347
47.102804	-135.918367
47.102804	-133.469388
47.102804	-131.020408
47.102804	-128.571429
47.102804	-126.122449
47.102804	-123.673469
47.102804	-121.22449
47.102804	-118.77551
47.102804	-116.326531
47.102804	-113.877551
47.102804	-111.428571
47.102804	-108.979592
47.102804	-106.530612
47.102804	-104.081633
47.102804	-101.632653
47.102804	-99.183673
47.102804	-96.734694
47.102804	-94.285714
47.102804	-91.836735
47.102804	-89.387755
47.102804	-86.938776
47.102804	-84.489796
47.102804	-82.040816
47.102804	-79.591837
47.102804	-77.142857
47.102804	-74.693878
47.102804	-72.244898
47.102804	-69.795918
47.102804	-67.346939
47.102804	-64.897959
47.102804	-62.44898
47.102804	-60.0
47.102804	-57.55102
47.102804	-55.102041
47.102804	-52.653061
47.102804	-50.204082
47.102804	-47.755102
47.102804	-45.306122
47.102804	-42.857143
47.102804	-40.408163
47.102804	-37.959184
47.102804	-35.510204
47.102804	-33.061224
47.102804	-30.612245
47.102804	-28.163265
47.102804	-25.714286
47.102804	-23.265306
47.102804	-20.816327
47.102804	-18.367347
47.102804	-15.918367
47.102804	-13.469388
47.102804	-11.020408
47.102804	-8.571429
47.102804	-6.122449
47.102804	-3.673469
47.102804	-1.22449
47.102804	1.22449
47.102804	3.673469
47.102804	6.122449
47.102804	8.571429
47.102804	11.020408
47.102804	13.469388
47.102804	15.918367
47.102804	18.367347
47.102804	20.816327
47.102804	23.265306
47.102804	25.714286
47.102804	28.163265
47.102804	30.612245
47.102804	33.061224
47.102804	35.510204
47.102804	37.959184
47.102804	40.408163
47.102804	42.857143
47.102804	45.306122
47.102804	47.755102
47.102804	50.204082
47.102804	52.653061
47.102804	55.102041
47.102804	57.55102
47.102804	60.0
47.102804	62.44898
47.102804	64.897959
47.102804	67.346939
47.102804	69.795918
47.102804	72.244898
47.102804	74.693878
47.102804	77.142857
47.102804	79.591837
47.102804	82.040816
47.102804	84.489796
47.102804	86.938776
47.102804	89.387755
47.102804	91.836735
47.102804	94.285714
47.102804	96.734694
47.102804	99.183673
47.102804	101.632653
47.102804	104.081633
47.102804	106.530612
47.102804	108.979592
47.102804	111.428571
47.102804	113.877551
47.102804	116.326531
47.102804	118.77551
47.102804	121.22449
47.102804	123.673469
47.102804	126.122449
47.102804	128.571429
47.102804	131.020408
47.102804	133.469388
47.102804	135.918367
47.102804	138.367347
47.102804	140.816327
47.102804	143.265306
47.102804	145.714286
47.102804	148.163265
47.102804	150.612245
47.102804	153.061224
47.102804	155.510204
47.102804	157.959184
47.102804	160.408163
47.102804	162.857143
47.102804	165.306122
47.102804	167.755102
47.102804	170.204082
47.102804	172.653061
47.102804	175.102041
47.102804	177.55102
48.785047	-180.0
48.785047	-177.464789
48.785047	-174.929577
48.785047	-172.394366
48.785047	-169.859155
48.785047	-167.323944
48.785047	-164.788732
48.785047	-162.253521
48.785047	-159.71831
48.785047	-157.183099
48.785047	-154.647887
48.785047	-152.112676
48.785047	-149.577465
48.785047	-147.042254
48.785047	-144.507042
48.785047	-141.971831
48.785047	-139.43662
48.785047	-136.901408
48.785047	-134.366197
48.785047	-131.830986
48.785047	-129.295775
48.785047	-126.760563
48.785047	-124.225352
48.785047	-121.690141
48.785047	-119.15493
48.785047	-116.619718
48.785047	-114.084507
48.785047	-111.549296
48.785047	-109.014085
48.785047	-106.478873
48.785047	-103.943662
48.785047	-101.408451
48.785047	-98.873239
48.785047	-96.338028
48.785047	-93.802817
48.785047	-91.267606
48.785047	-88.732394
48.785047	-86.197183
48.785047	-83.661972
48.785047	-81.126761
48.785047	-78.591549
48.785047	-76.056338
48.785047	-73.521127
48.785047	-70.985915
48.785047	-68.450704
48.785047	-65.915493
48.785047	-63.380282
48.785047	-60.84507
48.785047	-58.309859
48.785047	-55.774648
48.785047	-53.239437
48.785047	-50.704225
48.785047	-48.169014
48.785047	-45.633803
48.785047	-43.098592
48.785047	-40.56338
48.785047	-38.028169
48.785047	-35.492958
48.785047	-32.957746
48.785047	-30.422535
48.785047	-27.887324
48.785047	-25.352113
48.785047	-22.816901
48.785047	-20.28169
48.785047	-17.746479
48.785047	-15.211268
48.785047	-12.676056
48.785047	-10.140845
48.785047	-7.605634
48.785047	-5.070423
48.785047	-2.535211
48.785047	0.0
48.785047	2.535211
48.785047	5.070423
48.785047	7.605634
48.785047	10.140845
48.785047	12.676056
48.785047	15.211268
48.785047	17.746479
48.785047	20.28169
48.785047	22.816901
48.785047	25.352113
48.785047	27.887324
48.785047	30.422535
48.785047	32.957746
48.785047	35.492958
48.785047	38.028169
48.785047	40.56338
48.785047	43.098592
48.785047	45.633803
48.785047	48.169014
48.785047	50.704225
48.785047	53.239437
48.785047	55.774648
48.785047	58.309859
48.785047	60.84507
48.785047	63.380282
48.785047	65.915493
48.785047	68.450704
48.785047	70.985915
48.785047	73.521127
48.785047	76.056338
48.785047	78.591549
48.785047	81.126761
48.785047	83.661972
48.785047	86.197183
48.785047	88.732394
48.785047	91.267606
48.785047	93.802817
48.785047	96.338028
48.785047	98.873239
48.785047	101.408451
48.785047	103.943662
48.785047	106.478873
48.785047	109.014085
48.785047	111.549296
48.785047	114.084507
48.785047	116.619718
48.785047	119.15493
48.785047	121.690141
48.785047	124.225352
48.785047	126.760563
48.785047	129.295775
48.785047	131.830986
48.785047	134.366197
48.785047	136.901408
48.785047	139.43662
48.785047	141.971831
48.785047	144.507042
48.785047	147.042254
48.785047	149.577465
48.785047	152.112676
48.785047	154.647887
48.785047	157.183099
48.785047	159.71831
48.785047	162.253521
48.785047	164.788732
48.785047	167.323944
48.785047	169.859155
48.785047	172.394366
48.785047	174.929577
48.785047	177.464789
50.46729	-180.0
50.46729	-177.372263
50.46729	-174.744526
50.46729	-172.116788
50.46729	-169.489051
50.46729	-166.861314
50.46729	-164.233577
50.46729	-161.605839
50.46729	-158.978102
50.46729	-156.350365
50.46729	-153.722628
50.46729	-151.094891
50.46729	-148.467153
50.46729	-145.839416
50.46729	-143.211679
50.46729	-140.583942
50.46729	-137.956204
50.46729	-135.328467
50.46729	-132.70073
50.46729	-130.072993
50.46729	-127.445255
50.46729	-124.817518
50.46729	-122.189781
50.46729	-119.562044
50.46729	-116.934307
50.46729	-114.306569
50.46729	-111.678832
50.46729	-109.051095
50.46729	-106.423358
50.46729	-103.79562
50.46729	-101.167883
50.46729	-98.540146
50.46729	-95.912409
50.46729	-93.284672
50.46729	-90.656934
50.46729	-88.029197
50.46729	-85.40146
50.46729	-82.773723
50.46729	-80.145985
50.46729	-77.518248
50.46729	-74.890511
50.46729	-72.262774
50.46729	-69.635036
50.46729	-67.007299
50.46729	-64.379562
50.46729	-61.751825
50.46729	-59.124088
50.46729	-56.49635
50.46729	-53.868613
50.46729	-51.240876
50.46729	-48.613139
50.46729	-45.985401
50.46729	-43.357664
50.46729	-40.729927
50.46729	-38.10219
50.46729	-35.474453
50.46729	-32.846715
50.46729	-30.218978
50.46729	-27.591241
50.46729	-24.963504
50.46729	-22.335766
50.46729	-19.708029
50.46729	-17.080292
50.46729	-14.452555
50.46729	-11.824818
50.46729	-9.19708
50.46729	-6.569343
50.46729	-3.941606
50.46729	-1.313869
50.46729	1.313869
50.46729	3.941606
50.46729	6.569343
50.46729	9.19708
50.46729	11.824818
50.46729	14.452555
50.46729	17.080292
50.46729	19.708029
50.46729	22.335766
50.46729	24.963504
50.46729	27.591241
50.46729	30.218978
50.46729	32.846715
50.46729	35.474453
50.46729	38.10219
50.46729	40.729927
50.46729	43.357664
50.46729	45.985401
50.46729	48.613139
50.46729	51.240876
50.46729	53.868613
50.46729	56.49635
50.46729	59.124088
50.46729	61.751825
50.46729	64.379562
50.46729	67.007299
50.46729	69.635036
50.46729	72.262774
50.46729	74.890511
50.46729	77.518248
50.46729	80.145985
50.46729	82.773723
50.46729	85.40146
50.46729	88.029197
50.46729	90.656934
50.46729	93.284672
50.46729	95.912409
50.46729	98.540146
50.46729	101.167883
50.46729	103.79562
50.46729	106.423358
50.46729	109.051095
50.46729	111.678832
50.46729	114.306569
50.46729	116.934307
50.46729	119.562044
50.46729	122.189781
50.46729	124.817518
50.46729	127.445255
50.46729	130.072993
50.46729	132.70073
50.46729	135.328467
50.46729	137.956204
50.46729	140.583942
50.46729	143.211679
50.46729	145.839416
50.46729	148.467153
50.46729	151.094891
50.46729	153.722628
50.46729	156.350365
50.46729	158.978102
50.46729	161.605839
50.46729	164.233577
50.46729	166.861314
50.46729	169.489051
50.46729	172.116788
50.46729	174.744526
50.46729	177.372263
52.149533	-180.0
52.149533	-177.293233
52.149533	-174.586466
52.149533	-171.879699
52.149533	-169.172932
52.149533	-166.466165
52.149533	-163.759398
52.149533	-161.052632
52.149533	-158.345865
52.149533	-155.639098
52.149533	-152.932331
52.149533	-150.225564
52.149533	-147.518797
52.149533	-144.81203
52.149533	-142.105263
52.149533	-139.398496
52.149533	-136.691729
52.149533	-133.984962
52.149533	-131.278195
52.149533	-128.571429
52.149533	-125.864662
52.149533	-123.157895
52.149533	-120.451128
52.149533	-117.744361
52.149533	-115.037594
52.149533	-112.330827
52.149533	-109.62406
52.149533	-106.917293
52.149533	-104.210526
52.149533	-101.503759
52.149533	-98.796992
52.149533	-96.090226
52.149533	-93.383459
52.149533	-90.676692
52.149533	-87.969925
52.149533	-85.263158
52.149533	-82.556391
52.149533	-79.849624
52.149533	-77.142857
52.149533	-74.43609
52.149533	-71.729323
52.149533	-69.022556
52.149533	-66.315789
52.149533	-63.609023
52.149533	-60.902256
52.149533	-58.195489
52.149533	-55.488722
52.149533	-52.781955
52.149533	-50.075188
52.149533	-47.368421
52.149533	-44.661654
52.149533	-41.954887
52.149533	-39.24812
52.149533	-36.541353
52.149533	-33.834586
52.149533	-31.12782
52.149533	-28.421053
52.149533	-25.714286
52.149533	-23.007519
52.149533	-20.300752
52.149533	-17.593985
52.149533	-14.887218
52.149533	-12.180451
52.149533	-9.473684
52.149533	-6.766917
52.149533	-4.06015
52.149533	-1.353383
52.149533	1.353383
52.149533	4.06015
52.149533	6.766917
52.149533	9.473684
52.149533	12.180451
52.149533	14.887218
52.149533	17.593985
52.149533	20.300752
52.149533	23.007519
52.149533	25.714286
52.149533	28.421053
52.149533	31.12782
52.149533	33.834586
52.149533	36.541353
52.149533	39.24812
52.149533	41.954887
52.149533	44.661654
52.149533	47.368421
52.149533	50.075188
52.149533	52.781955
52.149533	55.488722
52.149533	58.195489
52.149533	60.902256
52.149533	63.609023
52.149533	66.315789
52.149533	69.022556
52.149533	71.729323
52.149533	74.43609
52.149533	77.142857
52.149533	79.849624
52.149533	82.556391
52.149533	85.263158
52.149533	87.969925
52.149533	90.676692
52.149533	93.383459
52.149533	96.090226
52.149533	98.796992
52.149533	101.503759
52.149533	104.210526
52.149533	106.917293
52.149533	109.62406
52.149533	112.330827
52.149533	115.037594
52.149533	117.744361
52.149533	120.451128
52.149533	123.157895
52.149533	125.864662
52.149533	128.571429
52.149533	131.278195
52.149533	133.984962
52.149533	136.691729
52.149533	139.398496
52.149533	142.105263
52.149533	144.81203
52.149533	147.518797
52.149533	150.225564
52.149533	152.932331
52.149533	155.639098
52.149533	158.345865
52.149533	161.052632
52.149533	163.759398
52.149533	166.466165
52.149533	169.172932
52.149533	171.879699
52.149533	174.586466
52.149533	177.293233
53.831776	-180.0
53.831776	-177.165354
53.831776	-174.330709
53.831776	-171.496063
53.831776	-168.661417
53.831776	-165.826772
53.831776	-162.992126
53.831776	-160.15748
53.831776	-157.322835
53.831776	-154.488189
53.831776	-151.653543
53.831776	-148.818898
53.831776	-145.984252
53.831776	-143.149606
53.831776	-140.314961
53.831776	-137.480315
53.831776	-134.645669
53.831776	-131.811024
53.831776	-128.976378
53.831776	-126.141732
53.831776	-123.307087
53.831776	-120.472441
53.831776	-117.637795
53.831776	-114.80315
53.831776	-111.968504
53.831776	-109.133858
53.831776	-106.299213
53.831776	-103.464567
53.831776	-100.629921
53.831776	-97.795276
53.831776	-94.96063
53.831776	-92.125984
53.831776	-89.291339
53.831776	-86.456693
53.831776	-83.622047
53.831776	-80.787402
53.831776	-77.952756
53.831776	-75.11811
53.831776	-72.283465
53.831776	-69.448819
53.831776	-66.614173
53.831776	-63.779528
53.831776	-60.944882
53.831776	-58.110236
53.831776	-55.275591
53.831776	-52.440945
53.831776	-49.606299
53.831776	-46.771654
53.831776	-43.937008
53.831776	-41.102362
53.831776	-38.267717
53.831776	-35.433071
53.831776	-32.598425
53.831776	-29.76378
53.831776	-26.929134
53.831776	-24.094488
53.831776	-21.259843
53.831776	-18.425197
53.831776	-15.590551
53.831776	-12.755906
53.831776	-9.92126
53.831776	-7.086614
53.831776	-4.251969
53.831776	-1.417323
53.831776	1.417323
53.831776	4.251969
53.831776	7.086614
53.831776	9.92126
53.831776	12.755906
53.831776	15.590551
53.831776	18.425197
53.831776	21.259843
53.831776	24.094488
53.831776	26.929134
53.831776	29.76378
53.831776	32.598425
53.831776	35.433071
53.831776	38.267717
53.831776	41.102362
53.831776	43.937008
53.831776	46.771654
53.831776	49.606299
53.831776	52.440945
53.831776	55.275591
53.831776	58.110236
53.831776	60.944882
53.831776	63.779528
53.831776	66.614173
53.831776	69.448819
53.831776	72.283465
53.831776	75.11811
53.831776	77.952756
53.831776	80.787402
53.831776	83.622047
53.831776	86.456693
53.831776	89.291339
53.831776	92.125984
53.831776	94.96063
53.831776	97.795276
53.831776	100.629921
53.831776	103.464567
53.831776	106.299213
53.831776	109.133858
53.831776	111.968504
53.831776	114.80315
53.831776	117.637795
53.831776	120.472441
53.831776	123.307087
53.831776	126.141732
53.831776	128.976378
53.831776	131.811024
53.831776	134.645669
53.831776	137.480315
53.831776	140.314961
53.831776	143.149606
53.831776	145.984252
53.831776	148.818898
53.831776	151.653543
53.831776	154.488189
53.831776	157.322835
53.831776	160.15748
53.831776	162.992126
53.831776	165.826772
53.831776	168.661417
53.831776	171.496063
53.831776	174.330709
53.831776	177.165354
55.514019	-180.0
55.514019	-177.04918
55.514019	-174.098361
55.514019	-171.147541
55.514019	-168.196721
55.514019	-165.245902
55.514019	-162.295082
55.514019	-159.344262
55.514019	-156.393443
55.514019	-153.442623
55.514019	-150.491803
55.514019	-147.540984
55.514019	-144.590164
55.514019	-141.639344
55.514019	-138.688525
55.514019	-135.737705
55.514019	-132.786885
55.514019	-129.836066
55.514019	-126.885246
55.514019	-123.934426
55.514019	-120.983607
55.514019	-118.032787
55.514019	-115.081967
55.514019	-112.131148
55.514019	-109.180328
55.514019	-106.229508
55.514019	-103.278689
55.514019	-100.327869
55.514019	-97.377049
55.514019	-94.42623
55.514019	-91.47541
55.514019	-88.52459
55.514019	-85.57377
55.514019	-82.622951
55.514019	-79.672131
55.514019	-76.721311
55.514019	-73.770492
55.514019	-70.819672
55.514019	-67.868852
55.514019	-64.918033
55.514019	-61.967213
55.514019	-59.016393
55.514019	-56.065574
55.514019	-53.114754
55.514019	-50.163934
55.514019	-47.213115
55.514019	-44.262295
55.514019	-41.311475
55.514019	-38.360656
55.514019	-35.409836
55.514019	-32.459016
55.514019	-29.508197
55.514019	-26.557377
55.514019	-23.606557
55.514019	-20.655738
55.514019	-17.704918
55.514019	-14.754098
55.514019	-11.803279
55.514019	-8.852459
55.514019	-5.901639
55.514019	-2.95082
55.514019	0.0
55.514019	2.95082
55.514019	5.901639
55.514019	8.852459
55.514019	11.803279
55.514019	14.754098
55.514019	17.704918
55.514019	20.655738
55.514019	23.606557
55.514019	26.557377
55.514019	29.508197
55.514019	32.459016
55.514019	35.409836
55.514019	38.360656
55.514019	41.311475
55.514019	44.262295
55.514019	47.213115
55.514019	50.163934
55.514019	53.114754
55.514019	56.065574
55.514019	59.016393
55.514019	61.967213
55.514019	64.918033
55.514019	67.868852
55.514019	70.819672
55.514019	73.770492
55.514019	76.721311
55.514019	79.672131
55.514019	82.622951
55.514019	85.57377
55.514019	88.52459
55.514019	91.47541
55.514019	94.42623
55.514019	97.377049
55.514019	100.327869
55.514019	103.278689
55.514019	106.229508
55.514019	109.180328
55.514019	112.131148
55.514019	115.081967
55.514019	118.032787
55.514019	120.983607
55.514019	123.934426
55.514019	126.885246
55.514019	129.836066
55.514019	132.786885
55.514019	135.737705
55.514019	138.688525
55.514019	141.639344
55.514019	144.590164
55.514019	147.540984
55.514019	150.491803
55.514019	153.442623
55.514019	156.393443
55.514019	159.344262
55.514019	162.295082
55.514019	165.245902
55.514019	168.196721
55.514019	171.147541
55.514019	174.098361
55.514019	177.04918
57.196262	-180.0
57.196262	-176.923077
57.196262	-173.846154
57.196262	-170.769231
57.196262	-167.692308
57.196262	-164.615385
57.196262	-161.538462
57.196262	-158.461538
57.196262	-155.384615
57.196262	-152.307692
57.196262	-149.230769
57.196262	-146.153846
57.196262	-143.076923
57.196262	-140.0
57.196262	-136.923077
57.196262	-133.846154
57.196262	-130.769231
57.196262	-127.692308
57.196262	-124.615385
57.196262	-121.538462
57.196262	-118.461538
57.196262	-115.384615
57.196262	-112.307692
57.196262	-109.230769
57.196262	-106.153846
57.196262	-103.076923
57.196262	-100.0
57.196262	-96.923077
57.196262	-93.846154
57.196262	-90.769231
57.196262	-87.692308
57.196262	-84.615385
57.196262	-81.538462
57.196262	-78.461538
57.196262	-75.384615
57.196262	-72.307692
57.196262	-69.230769
57.196262	-66.153846
57.196262	-63.076923
57.196262	-60.0
57.196262	-56.923077
57.196262	-53.846154
57.196262	-50.769231
57.196262	-47.692308
57.196262	-44.615385
57.196262	-41.538462
57.196262	-38.461538
57.196262	-35.384615
57.196262	-32.307692
57.196262	-29.230769
57.196262	-26.153846
57.196262	-23.076923
57.196262	-20.0
57.196262	-16.923077
57.196262	-13.846154
57.196262	-10.769231
57.196262	-7.692308
57.196262	-4.615385
57.196262	-1.538462
57.196262	1.538462
57.196262	4.615385
57.196262	7.692308
57.196262	10.769231
57.196262	13.846154
57.196262	16.923077
57.196262	20.0
57.196262	23.076923
57.196262	26.153846
57.196262	29.230769
57.196262	32.307692
57.196262	35.384615
57.196262	38.461538
57.196262	41.538462
57.196262	44.615385
57.196262	47.692308
57.196262	50.769231
57.196262	53.846154
57.196262	56.923077
57.196262	60.0
57.196262	63.076923
57.196262	66.153846
57.196262	69.230769
57.196262	72.307692
57.196262	75.384615
57.196262	78.461538
57.196262	81.538462
57.196262	84.615385
57.196262	87.692308
57.196262	90.769231
57.196262	93.846154
57.196262	96.923077
57.196262	100.0
57.196262	103.076923
57.196262	106.153846
57.196262	109.230769
57.196262	112.307692
57.196262	115.384615
57.196262	118.461538
57.196262	121.538462
57.196262	124.615385
57.196262	127.692308
57.196262	130.769231
57.196262	133.846154
57.196262	136.923077
57.196262	140.0
57.196262	143.076923
57.196262	146.153846
57.196262	149.230769
57.196262	152.307692
57.196262	155.384615
57.196262	158.461538
57.196262	161.538462
57.196262	164.615385
57.196262	167.692308
57.196262	170.769231
57.196262	173.846154
57.196262	176.923077
58.878505	-180.0
58.878505	-176.785714
58.878505	-173.571429
58.878505	-170.357143
58.878505	-167.142857
58.878505	-163.928571
58.878505	-160.714286
58.878505	-157.5
58.878505	-154.285714
58.878505	-151.071429
58.878505	-147.857143
58.878505	-144.642857
58.878505	-141.428571
58.878505	-138.214286
58.878505	-135.0
58.878505	-131.785714
58.878505	-128.571429
58.878505	-125.357143
58.878505	-122.142857
58.878505	-118.928571
58.878505	-115.714286
58.878505	-112.5
58.878505	-109.285714
58.878505	-106.071429
58.878505	-102.857143
58.878505	-99.642857
58.878505	-96.428571
58.878505	-93.214286
58.878505	-90.0
58.878505	-86.785714
58.878505	-83.571429
58.878505	-80.357143
58.878505	-77.142857
58.878505	-73.928571
58.878505	-70.714286
58.878505	-67.5
58.878505	-64.285714
58.878505	-61.071429
58.878505	-57.857143
58.878505	-54.642857
58.878505	-51.428571
58.878505	-48.214286
58.878505	-45.0
58.878505	-41.785714
58.878505	-38.571429
58.878505	-35.357143
58.878505	-32.142857
58.878505	-28.928571
58.878505	-25.714286
58.878505	-22.5
58.878505	-19.285714
58.878505	-16.071429
58.878505	-12.857143
58.878505	-9.642857
58.878505	-6.428571
58.878505	-3.214286
58.878505	0.0
58.878505	3.214286
58.878505	6.428571
58.878505	9.642857
58.878505	12.857143
58.878505	16.071429
58.878505	19.285714
58.878505	22.5
58.878505	25.714286
58.878505	28.928571
58.878505	32.142857
58.878505	35.357143
58.878505	38.571429
58.878505	41.785714
58.878505	45.0
58.878505	48.214286
58.878505	51.428571
58.878505	54.642857
58.878505	57.857143
58.878505	61.071429
58.878505	64.285714
58.878505	67.5
58.878505	70.714286
58.878505	73.928571
58.878505	77.142857
58.878505	80.357143
58.878505	83.571429
58.878505	86.785714
58.878505	90.0
58.878505	93.214286
58.878505	96.428571
58.878505	99.642857
58.878505	102.857143
58.878505	106.071429
58.878505	109.285714
58.878505	112.5
58.878505	115.714286
58.878505	118.928571
58.878505	122.142857
58.878505	125.357143
58.878505	128.571429
58.878505	131.785714
58.878505	135.0
58.878505	138.214286
58.878505	141.428571
58.878505	144.642857
58.878505	147.857143
58.878505	151.071429
58.878505	154.285714
58.878505	157.5
58.878505	160.714286
58.878505	163.928571
58.878505	167.142857
58.878505	170.357143
58.878505	173.571429
58.878505	176.785714
60.560748	-180.0
60.560748	-176.603774
60.560748	-173.207547
60.560748	-169.811321
60.560748	-166.415094
60.560748	-163.018868
60.560748	-159.622642
60.560748	-156.226415
60.560748	-152.830189
60.560748	-149.433962
60.560748	-146.037736
60.560748	-142.641509
60.560748	-139.245283
60.560748	-135.849057
60.560748	-132.45283
60.560748	-129.056604
60.560748	-125.660377
60.560748	-122.264151
60.560748	-118.867925
60.560748	-115.471698
60.560748	-112.075472
60.560748	-108.679245
60.560748	-105.283019
60.560748	-101.886792
60.560748	-98.490566
60.560748	-95.09434
60.560748	-91.698113
60.560748	-88.301887
60.560748	-84.90566
60.560748	-81.509434
60.560748	-78.113208
60.560748	-74.716981
60.560748	-71.320755
60.560748	-67.924528
60.560748	-64.528302
60.560748	-61.132075
60.560748	-57.735849
60.560748	-54.339623
60.560748	-50.943396
60.560748	-47.54717
60.560748	-44.150943
60.560748	-40.754717
60.560748	-37.358491
60.560748	-33.962264
60.560748	-30.566038
60.560748	-27.169811
60.560748	-23.773585
60.560748	-20.377358
60.560748	-16.981132
60.560748	-13.584906
60.560748	-10.188679
60.560748	-6.792453
60.560748	-3.396226
60.560748	0.0
60.560748	3.396226
60.560748	6.792453
60.560748	10.188679
60.560748	13.584906
60.560748	16.981132
60.560748	20.377358
60.560748	23.773585
60.560748	27.169811
60.560748	30.566038
60.560748	33.962264
60.560748	37.358491
60.560748	40.754717
60.560748	44.150943
60.560748	47.54717
60.560748	50.943396
60.560748	54.339623
60.560748	57.735849
60.560748	61.132075
60.560748	64.528302
60.560748	67.924528
60.560748	71.320755
60.560748	74.716981
60.560748	78.113208
60.560748	81.509434
60.560748	84.90566
60.560748	88.301887
60.560748	91.698113
60.560748	95.09434
60.560748	98.490566
60.560748	101.886792
60.560748	105.283019
60.560748	108.679245
60.560748	112.075472
60.560748	115.471698
60.560748	118.867925
60.560748	122.264151
60.560748	125.660377
60.560748	129.056604
60.560748	132.45283
60.560748	135.849057
60.560748	139.245283
60.560748	142.641509
60.560748	146.037736
60.560748	149.433962
60.560748	152.830189
60.560748	156.226415
60.560748	159.622642
60.560748	163.018868
60.560748	166.415094
60.560748	169.811321
60.560748	173.207547
60.560748	176.603774
62.242991	-180.0
62.242991	-176.435644
62.242991	-172.871287
62.242991	-169.306931
62.242991	-165.742574
62.242991	-162.178218
62.242991	-158.613861
62.242991	-155.049505
62.242991	-151.485149
62.242991	-147.920792
62.242991	-144.356436
62.242991	-140.792079
62.242991	-137.227723
62.242991	-133.663366
62.242991	-130.09901
62.242991	-126.534653
62.242991	-122.970297
62.242991	-119.405941
62.242991	-115.841584
62.242991	-112.277228
62.242991	-108.712871
62.242991	-105.148515
62.242991	-101.584158
62.242991	-98.019802
62.242991	-94.455446
62.242991	-90.891089
62.242991	-87.326733
62.242991	-83.762376
62.242991	-80.19802
62.242991	-76.633663
62.242991	-73.069307
62.242991	-69.50495
62.242991	-65.940594
62.242991	-62.376238
62.242991	-58.811881
62.242991	-55.247525
62.242991	-51.683168
62.242991	-48.118812
62.242991	-44.554455
62.242991	-40.990099
62.242991	-37.425743
62.242991	-33.861386
62.242991	-30.29703
62.242991	-26.732673
62.242991	-23.168317
62.242991	-19.60396
62.242991	-16.039604
62.242991	-12.475248
62.242991	-8.910891
62.242991	-5.346535
62.242991	-1.782178
62.242991	1.782178
62.242991	5.346535
62.242991	8.910891
62.242991	12.475248
62.242991	16.039604
62.242991	19.60396
62.242991	23.168317
62.242991	26.732673
62.242991	30.29703
62.242991	33.861386
62.242991	37.425743
62.242991	40.990099
62.242991	44.554455
62.242991	48.118812
62.242991	51.683168
62.242991	55.247525
62.242991	58.811881
62.242991	62.376238
62.242991	65.940594
62.242991	69.50495
62.242991	73.069307
62.242991	76.633663
62.242991	80.19802
62.242991	83.762376
62.242991	87.326733
62.242991	90.891089
62.242991	94.455446
62.242991	98.019802
62.242991	101.584158
62.242991	105.148515
62.242991	108.712871
62.242991	112.277228
62.242991	115.841584
62.242991	119.405941
62.242991	122.970297
62.242991	126.534653
62.242991	130.09901
62.242991	133.663366
62.242991	137.227723
62.242991	140.792079
62.242991	144.356436
62.242991	147.920792
62.242991	151.485149
62.242991	155.049505
62.242991	158.613861
62.242991	162.178218
62.242991	165.742574
62.242991	169.306931
62.242991	172.871287
62.242991	176.435644
63.925234	-180.0
63.925234	-176.210526
63.925234	-172.421053
63.925234	-168.631579
63.925234	-164.842105
63.925234	-161.052632
63.925234	-157.263158
63.925234	-153.473684
63.925234	-149.684211
63.925234	-145.894737
63.925234	-142.105263
63.925234	-138.315789
63.925234	-134.526316
63.925234	-130.736842
63.925234	-126.947368
63.925234	-123.157895
63.925234	-119.368421
63.925234	-115.578947
63.925234	-111.789474
63.925234	-108.0
63.925234	-104.210526
63.925234	-100.421053
63.925234	-96.631579
63.925234	-92.842105
63.925234	-89.052632
63.925234	-85.263158
63.925234	-81.473684
63.925234	-77.684211
63.925234	-73.894737
63.925234	-70.105263
63.925234	-66.315789
63.925234	-62.526316
63.925234	-58.736842
63.925234	-54.947368
63.925234	-51.157895
63.925234	-47.368421
63.925234	-43.578947
63.925234	-39.789474
63.925234	-36.0
63.925234	-32.210526
63.925234	-28.421053
63.925234	-24.631579
63.925234	-20.842105
63.925234	-17.052632
63.925234	-13.263158
63.925234	-9.473684
63.925234	-5.684211
63.925234	-1.894737
63.925234	1.894737
63.925234	5.684211
63.925234	9.473684
63.925234	13.263158
63.925234	17.052632
63.925234	20.842105
63.925234	24.631579
63.925234	28.421053
63.925234	32.210526
63.925234	36.0
63.925234	39.789474
63.925234	43.578947
63.925234	47.368421
63.925234	51.157895
63.925234	54.947368
63.925234	58.736842
63.925234	62.526316
63.925234	66.315789
63.925234	70.105263
63.925234	73.894737
63.925234	77.684211
63.925234	81.473684
63.925234	85.263158
63.925234	89.052632
63.925234	92.842105
63.925234	96.631579
63.925234	100.421053
63.925234	104.210526
63.925234	108.0
63.925234	111.789474
63.925234	115.578947
63.925234	119.368421
63.925234	123.157895
63.925234	126.947368
63.925234	130.736842
63.925234	134.526316
63.925234	138.315789
63.925234	142.105263
63.925234	145.894737
63.925234	149.684211
63.925234	153.473684
63.925234	157.263158
63.925234	161.052632
63.925234	164.842105
63.925234	168.631579
63.925234	172.421053
63.925234	176.210526
65.607477	-180.0
65.607477	-175.955056
65.607477	-171.910112
65.607477	-167.865169
65.607477	-163.820225
65.607477	-159.775281
65.607477	-155.730337
65.607477	-151.685393
65.607477	-147.640449
65.607477	-143.595506
65.607477	-139.550562
65.607477	-135.505618
65.607477	-131.460674
65.607477	-127.41573
65.607477	-123.370787
65.607477	-119.325843
65.607477	-115.280899
65.607477	-111.235955
65.607477	-107.191011
65.607477	-103.146067
65.607477	-99.101124
65.607477	-95.05618
65.607477	-91.011236
65.607477	-86.966292
65.607477	-82.921348
65.607477	-78.876404
65.607477	-74.831461
65.607477	-70.786517
65.607477	-66.741573
65.607477	-62.696629
65.607477	-58.651685
65.607477	-54.606742
65.607477	-50.561798
65.607477	-46.516854
65.607477	-42.47191
65.607477	-38.426966
65.607477	-34.382022
65.607477	-30.337079
65.607477	-26.292135
65.607477	-22.247191
65.607477	-18.202247
65.607477	-14.157303
65.607477	-10.11236
65.607477	-6.067416
65.607477	-2.022472
65.607477	2.022472
65.607477	6.067416
65.607477	10.11236
65.607477	14.157303
65.607477	18.202247
65.607477	22.247191
65.607477	26.292135
65.607477	30.337079
65.607477	34.382022
65.607477	38.426966
65.607477	42.47191
65.607477	46.516854
65.607477	50.561798
65.607477	54.606742
65.607477	58.651685
65.607477	62.696629
65.607477	66.741573
65.607477	70.786517
65.607477	74.831461
65.607477	78.876404
65.607477	82.921348
65.607477	86.966292
65.607477	91.011236
65.607477	95.05618
65.607477	99.101124
65.607477	103.146067
65.607477	107.191011
65.607477	111.235955
65.607477	115.280899
65.607477	119.325843
65.607477	123.370787
65.607477	127.41573
65.607477	131.460674
65.607477	135.505618
65.607477	139.550562
65.607477	143.595506
65.607477	147.640449
65.607477	151.685393
65.607477	155.730337
65.607477	159.775281
65.607477	163.820225
65.607477	167.865169
65.607477	171.910112
65.607477	175.955056
67.28972	-180.0
67.28972	-175.662651
67.28972	-171.325301
67.28972	-166.987952
67.28972	-162.650602
67.28972	-158.313253
67.28972	-153.975904
67.28972	-149.638554
67.28972	-145.301205
67.28972	-140.963855
67.28972	-136.626506
67.28972	-132.289157
67.28972	-127.951807
67.28972	-123.614458
67.28972	-119.277108
67.28972	-114.939759
67.28972	-110.60241
67.28972	-106.26506
67.28972	-101.927711
67.28972	-97.590361
67.28972	-93.253012
67.28972	-88.915663
67.28972	-84.578313
67.28972	-80.240964
67.28972	-75.903614
67.28972	-71.566265
67.28972	-67.228916
67.28972	-62.891566
67.28972	-58.554217
67.28972	-54.216867
67.28972	-49.879518
67.28972	-45.542169
67.28972	-41.204819
67.28972	-36.86747
67.28972	-32.53012
67.28972	-28.192771
67.28972	-23.855422
67.28972	-19.518072
67.28972	-15.180723
67.28972	-10.843373
67.28972	-6.506024
67.28972	-2.168675
67.28972	2.168675
67.28972	6.506024
67.28972	10.843373
67.28972	15.180723
67.28972	19.518072
67.28972	23.855422
67.28972	28.192771
67.28972	32.53012
67.28972	36.86747
67.28972	41.204819
67.28972	45.542169
67.28972	49.879518
67.28972	54.216867
67.28972	58.554217
67.28972	62.891566
67.28972	67.228916
67.28972	71.566265
67.28972	75.903614
67.28972	80.240964
67.28972	84.578313
67.28972	88.915663
67.28972	93.253012
67.28972	97.590361
67.28972	101.927711
67.28972	106.26506
67.28972	110.60241
67.28972	114.939759
67.28972	119.277108
67.28972	123.614458
67.28972	127.951807
67.28972	132.289157
67.28972	136.626506
67.28972	140.963855
67.28972	145.301205
67.28972	149.638554
67.28972	153.975904
67.28972	158.313253
67.28972	162.650602
67.28972	166.987952
67.28972	171.325301
67.28972	175.662651
68.971963	-180.0
68.971963	-175.324675
68.971963	-170.649351
68.971963	-165.974026
68.971963	-161.298701
68.971963	-156.623377
68.971963	-151.948052
68.971963	-147.272727
68.971963	-142.597403
68.971963	-137.922078
68.971963	-133.246753
68.971963	-128.571429
68.971963	-123.896104
68.971963	-119.220779
68.971963	-114.545455
68.971963	-109.87013
68.971963	-105.194805
68.971963	-100.519481
68.971963	-95.844156
68.971963	-91.168831
68.971963	-86.493506
68.971963	-81.818182
68.971963	-77.142857
68.971963	-72.467532
68.971963	-67.792208
68.971963	-63.116883
68.971963	-58.441558
68.971963	-53.766234
68.971963	-49.090909
68.971963	-44.415584
68.971963	-39.74026
68.971963	-35.064935
68.971963	-30.38961
68.971963	-25.714286
68.971963	-21.038961
68.971963	-16.363636
68.971963	-11.688312
68.971963	-7.012987
68.971963	-2.337662
68.971963	2.337662
68.971963	7.012987
68.971963	11.688312
68.971963	16.363636
68.971963	21.038961
68.971963	25.714286
68.971963	30.38961
68.971963	35.064935
68.971963	39.74026
68.971963	44.415584
68.971963	49.090909
68.971963	53.766234
68.971963	58.441558
68.971963	63.116883
68.971963	67.792208
68.971963	72.467532
68.971963	77.142857
68.971963	81.818182
68.971963	86.493506
68.971963	91.168831
68.971963	95.844156
68.971963	100.519481
68.971963	105.194805
68.971963	109.87013
68.971963	114.545455
68.971963	119.220779
68.971963	123.896104
68.971963	128.571429
68.971963	133.246753
68.971963	137.922078
68.971963	142.597403
68.971963	147.272727
68.971963	151.948052
68.971963	156.623377
68.971963	161.298701
68.971963	165.974026
68.971963	170.649351
68.971963	175.324675
70.654206	-180.0
70.654206	-175.0
70.654206	-170.0
70.654206	-165.0
70.654206	-160.0
70.654206	-155.0
70.654206	-150.0
70.654206	-145.0
70.654206	-140.0
70.654206	-135.0
70.654206	-130.0
70.654206	-125.0
70.654206	-120.0
70.654206	-115.0
70.654206	-110.0
70.654206	-105.0
70.654206	-100.0
70.654206	-95.0
70.654206	-90.0
70.654206	-85.0
70.654206	-80.0
70.654206	-75.0
70.654206	-70.0
70.654206	-65.0
70.654206	-60.0
70.654206	-55.0
70.654206	-50.0
70.654206	-45.0
70.654206	-40.0
70.654206	-35.0
70.654206	-30.0
70.654206	-25.0
70.654206	-20.0
70.654206	-15.0
70.654206	-10.0
70.654206	-5.0
70.654206	0.0
70.654206	5.0
70.654206	10.0
70.654206	15.0
70.654206	20.0
70.654206	25.0
70.654206	30.0
70.654206	35.0
70.654206	40.0
70.654206	45.0
70.654206	50.0
70.654206	55.0
70.654206	60.0
70.654206	65.0
70.654206	70.0
70.654206	75.0
70.654206	80.0
70.654206	85.0
70.654206	90.0
70.654206	95.0
70.654206	100.0
70.654206	105.0
70.654206	110.0
70.654206	115.0
70.654206	120.0
70.654206	125.0
70.654206	130.0
70.654206	135.0
70.654206	140.0
70.654206	145.0
70.654206	150.0
70.654206	155.0
70.654206	160.0
70.654206	165.0
70.654206	170.0
70.654206	175.0
72.336449	-180.0
72.336449	-174.545455
72.336449	-169.090909
72.336449	-163.636364
72.336449	-158.181818
72.336449	-152.727273
72.336449	-147.272727
72.336449	-141.818182
72.336449	-136.363636
72.336449	-130.909091
72.336449	-125.454545
72.336449	-120.0
72.336449	-114.545455
72.336449	-109.090909
72.336449	-103.636364
72.336449	-98.181818
72.336449	-92.727273
72.336449	-87.272727
72.336449	-81.818182
72.336449	-76.363636
72.336449	-70.909091
72.336449	-65.454545
72.336449	-60.0
72.336449	-54.545455
72.336449	-49.090909
72.336449	-43.636364
72.336449	-38.181818
72.336449	-32.727273
72.336449	-27.272727
72.336449	-21.818182
72.336449	-16.363636
72.336449	-10.909091
72.336449	-5.454545
72.336449	0.0
72.336449	5.454545
72.336449	10.909091
72.336449	16.363636
72.336449	21.818182
72.336449	27.272727
72.336449	32.727273
72.336449	38.181818
72.336449	43.636364
72.336449	49.090909
72.336449	54.545455
72.336449	60.0
72.336449	65.454545
72.336449	70.909091
72.336449	76.363636
72.336449	81.818182
72.336449	87.272727
72.336449	92.727273
72.336449	98.181818
72.336449	103.636364
72.336449	109.090909
72.336449	114.545455
72.336449	120.0
72.336449	125.454545
72.336449	130.909091
72.336449	136.363636
72.336449	141.818182
72.336449	147.272727
72.336449	152.727273
72.336449	158.181818
72.336449	163.636364
72.336449	169.090909
72.336449	174.545455
74.018692	-180.0
74.018692	-173.898305
74.018692	-167.79661
74.018692	-161.694915
74.018692	-155.59322
74.018692	-149.491525
74.018692	-143.389831
74.018692	-137.288136
74.018692	-131.186441
74.018692	-125.084746
74.018692	-118.983051
74.018692	-112.881356
74.018692	-106.779661
74.018692	-100.677966
74.018692	-94.576271
74.018692	-88.474576
74.018692	-82.372881
74.018692	-76.271186
74.018692	-70.169492
74.018692	-64.067797
74.018692	-57.966102
74.018692	-51.864407
74.018692	-45.762712
74.018692	-39.661017
74.018692	-33.559322
74.018692	-27.457627
74.018692	-21.355932
74.018692	-15.254237
74.018692	-9.152542
74.018692	-3.050847
74.018692	3.050847
74.018692	9.152542
74.018692	15.254237
74.018692	21.355932
74.018692	27.457627
74.018692	33.559322
74.018692	39.661017
74.018692	45.762712
74.018692	51.864407
74.018692	57.966102
74.018692	64.067797
74.018692	70.169492
74.018692	76.271186
74.018692	82.372881
74.018692	88.474576
74.018692	94.576271
74.018692	100.677966
74.018692	106.779661
74.018692	112.881356
74.018692	118.983051
74.018692	125.084746
74.018692	131.186441
74.018692	137.288136
74.018692	143.389831
74.018692	149.491525
74.018692	155.59322
74.018692	161.694915
74.018692	167.79661
74.018692	173.898305
75.700935	-180.0
75.700935	-173.207547
75.700935	-166.415094
75.700935	-159.622642
75.700935	-152.830189
75.700935	-146.037736
75.700935	-139.245283
75.700935	-132.45283
75.700935	-125.660377
75.700935	-118.867925
75.700935	-112.075472
75.700935	-105.283019
75.700935	-98.490566
75.700935	-91.698113
75.700935	-84.90566
75.700935	-78.113208
75.700935	-71.320755
75.700935	-64.528302
75.700935	-57.735849
75.700935	-50.943396
75.700935	-44.150943
75.700935	-37.358491
75.700935	-30.566038
75.700935	-23.773585
75.700935	-16.981132
75.700935	-10.188679
75.700935	-3.396226
75.700935	3.396226
75.700935	10.188679
75.700935	16.981132
75.700935	23.773585
75.700935	30.566038
75.700935	37.358491
75.700935	44.150943
75.700935	50.943396
75.700935	57.735849
75.700935	64.528302
75.700935	71.320755
75.700935	78.113208
75.700935	84.90566
75.700935	91.698113
75.700935	98.490566
75.700935	105.283019
75.700935	112.075472
75.700935	118.867925
75.700935	125.660377
75.700935	132.45283
75.700935	139.245283
75.700935	146.037736
75.700935	152.830189
75.700935	159.622642
75.700935	166.415094
75.700935	173.207547
77.383178	-180.0
77.383178	-172.340426
77.383178	-164.680851
77.383178	-157.021277
77.383178	-149.361702
77.383178	-141.702128
77.383178	-134.042553
77.383178	-126.382979
77.383178	-118.723404
77.383178	-111.06383
77.383178	-103.404255
77.383178	-95.744681
77.383178	-88.085106
77.383178	-80.425532
77.383178	-72.765957
77.383178	-65.106383
77.383178	-57.446809
77.383178	-49.787234
77.383178	-42.12766
77.383178	-34.468085
77.383178	-26.808511
77.383178	-19.148936
77.383178	-11.489362
77.383178	-3.829787
77.383178	3.829787
77.383178	11.489362
77.383178	19.148936
77.383178	26.808511
77.383178	34.468085
77.383178	42.12766
77.383178	49.787234
77.383178	57.446809
77.383178	65.106383
77.383178	72.765957
77.383178	80.425532
77.383178	88.085106
77.383178	95.744681
77.383178	103.404255
77.383178	111.06383
77.383178	118.723404
77.383178	126.382979
77.383178	134.042553
77.383178	141.702128
77.383178	149.361702
77.383178	157.021277
77.383178	164.680851
77.383178	172.340426
79.065421	-180.0
79.065421	-171.219512
79.065421	-162.439024
79.065421	-153.658537
79.065421	-144.878049
79.065421	-136.097561
79.065421	-127.317073
79.065421	-118.536585
79.065421	-109.756098
79.065421	-100.97561
79.065421	-92.195122
79.065421	-83.414634
79.065421	-74.634146
79.065421	-65.853659
79.065421	-57.073171
79.065421	-48.292683
79.065421	-39.512195
79.065421	-30.731707
79.065421	-21.95122
79.065421	-13.170732
79.065421	-4.390244
79.065421	4.390244
79.065421	13.170732
79.065421	21.95122
79.065421	30.731707
79.065421	39.512195
79.065421	48.292683
79.065421	57.073171
79.065421	65.853659
79.065421	74.634146
79.065421	83.414634
79.065421	92.195122
79.065421	100.97561
79.065421	109.756098
79.065421	118.536585
79.065421	127.317073
79.065421	136.097561
79.065421	144.878049
79.065421	153.658537
79.065421	162.439024
79.065421	171.219512
80.747664	-180.0
80.747664	-169.714286
80.747664	-159.428571
80.747664	-149.142857
80.747664	-138.857143
80.747664	-128.571429
80.747664	-118.285714
80.747664	-108.0
80.747664	-97.714286
80.747664	-87.428571
80.747664	-77.142857
80.747664	-66.857143
80.747664	-56.571429
80.747664	-46.285714
80.747664	-36.0
80.747664	-25.714286
80.747664	-15.428571
80.747664	-5.142857
80.747664	5.142857
80.747664	15.428571
80.747664	25.714286
80.747664	36.0
80.747664	46.285714
80.747664	56.571429
80.747664	66.857143
80.747664	77.142857
80.747664	87.428571
80.747664	97.714286
80.747664	108.0
80.747664	118.285714
80.747664	128.571429
80.747664	138.857143
80.747664	149.142857
80.747664	159.428571
80.747664	169.714286
82.429907	-180.0
82.429907	-167.142857
82.429907	-154.285714
82.429907	-141.428571
82.429907	-128.571429
82.429907	-115.714286
82.429907	-102.857143
82.429907	-90.0
82.429907	-77.142857
82.429907	-64.285714
82.429907	-51.428571
82.429907	-38.571429
82.429907	-25.714286
82.429907	-12.857143
82.429907	0.0
82.429907	12.857143
82.429907	25.714286
82.429907	38.571429
82.429907	51.428571
82.429907	64.285714
82.429907	77.142857
82.429907	90.0
82.429907	102.857143
82.429907	115.714286
82.429907	128.571429
82.429907	141.428571
82.429907	154.285714
82.429907	167.142857
84.11215	-180.0
84.11215	-163.636364
84.11215	-147.272727
84.11215	-130.909091
84.11215	-114.545455
84.11215	-98.181818
84.11215	-81.818182
84.11215	-65.454545
84.11215	-49.090909
84.11215	-32.727273
84.11215	-16.363636
84.11215	-0.0
84.11215	16.363636
84.11215	32.727273
84.11215	49.090909
84.11215	65.454545
84.11215	81.818182
84.11215	98.181818
84.11215	114.545455
84.11215	130.909091
84.11215	147.272727
84.11215	163.636364
85.794393	-180.0
85.794393	-157.5
85.794393	-135.0
85.794393	-112.5
85.794393	-90.0
85.794393	-67.5
85.794393	-45.0
85.794393	-22.5
85.794393	0.0
85.794393	22.5
85.794393	45.0
85.794393	67.5
85.794393	90.0
85.794393	112.5
85.794393	135.0
85.794393	157.5
87.476636	-180.0
87.476636	-144.0
87.476636	-108.0
87.476636	-72.0
87.476636	-36.0
87.476636	0.0
87.476636	36.0
87.476636	72.0
87.476636	108.0
87.476636	144.0
89.158879	-180.0
89.158879	-60.0
89.158879	60.0
